t_sec,id1_shoulder_pan[%],id2_shoulder_lift[%],id3_elbow_flex[mA],id4_wrist_flex[mA],id5_wrist_roll[mA],id6_gripper[mA]
0.0,0.0,0.0,0.0,0.0,0.0,0.0
0.035,0.0,0.0,0.0,0.0,0.0,0.0
0.056,0.0,0.0,0.0,0.0,0.0,0.0
0.077,0.0,0.0,0.0,0.0,0.0,0.0
0.098,0.0,0.0,0.0,0.0,0.0,0.0
0.119,0.0,0.0,0.0,0.0,0.0,0.0
0.176,0.0,0.0,0.0,0.0,0.0,0.0
0.197,0.0,0.0,0.0,0.0,0.0,0.0
0.218,0.0,0.0,0.0,0.0,0.0,0.0
0.239,0.0,0.0,0.0,0.0,0.0,0.0
0.26,0.0,0.0,0.0,0.0,0.0,0.0
0.281,0.0,0.0,0.0,0.0,0.0,0.0
0.302,0.0,0.0,0.0,0.0,0.0,0.0
0.323,0.0,0.0,0.0,0.0,0.0,0.0
0.344,0.0,0.0,0.0,0.0,0.0,0.0
0.389,0.0,0.0,0.0,0.0,0.0,0.0
0.41,0.0,0.0,0.0,0.0,0.0,0.0
0.431,0.0,0.0,0.0,0.0,0.0,0.0
0.452,0.0,0.0,0.0,0.0,0.0,0.0
0.473,0.0,0.0,0.0,0.0,0.0,0.0
0.494,0.0,0.0,0.0,0.0,0.0,0.0
0.515,0.0,0.0,0.0,0.0,0.0,0.0
0.536,0.0,0.0,0.0,0.0,0.0,0.0
0.557,0.0,0.0,0.0,0.0,0.0,0.0
0.606,0.0,0.0,0.0,0.0,0.0,0.0
0.627,0.0,0.0,0.0,0.0,0.0,0.0
0.648,0.0,0.0,0.0,0.0,0.0,0.0
0.669,0.0,0.0,0.0,0.0,0.0,0.0
0.69,0.0,0.0,0.0,0.0,0.0,0.0
0.711,0.0,0.0,0.0,0.0,0.0,0.0
0.732,0.0,0.0,0.0,0.0,0.0,0.0
0.753,0.0,0.0,0.0,0.0,0.0,0.0
0.774,0.0,0.0,0.0,0.0,0.0,0.0
0.819,0.0,0.0,0.0,0.0,0.0,0.0
0.84,0.0,0.0,0.0,0.0,0.0,0.0
0.861,0.0,0.0,0.0,0.0,0.0,0.0
0.882,0.0,0.0,0.0,0.0,0.0,0.0
0.903,0.0,0.0,0.0,0.0,0.0,0.0
0.924,0.0,0.0,0.0,0.0,0.0,0.0
0.945,0.0,0.0,0.0,0.0,0.0,0.0
0.966,0.0,0.0,0.0,0.0,0.0,0.0
0.987,0.0,0.0,0.0,0.0,0.0,0.0
1.028,0.0,0.0,0.0,0.0,0.0,0.0
1.049,0.0,0.0,0.0,0.0,0.0,0.0
1.07,0.0,0.0,0.0,0.0,0.0,0.0
1.092,0.0,0.0,0.0,0.0,0.0,0.0
1.113,0.0,0.0,0.0,0.0,0.0,0.0
1.134,0.0,0.0,0.0,0.0,0.0,0.0
1.154,0.0,0.0,0.0,0.0,0.0,0.0
1.175,0.0,0.0,0.0,0.0,0.0,0.0
1.196,0.0,0.0,0.0,0.0,0.0,0.0
1.24,0.0,0.0,0.0,0.0,0.0,0.0
1.261,0.0,0.0,0.0,0.0,0.0,0.0
1.282,0.0,0.0,0.0,0.0,0.0,0.0
1.303,0.0,0.0,0.0,0.0,0.0,0.0
1.324,0.0,0.0,0.0,0.0,0.0,0.0
1.345,0.0,0.0,0.0,0.0,0.0,0.0
1.366,0.0,0.0,0.0,0.0,0.0,0.0
1.387,0.0,0.0,0.0,0.0,0.0,0.0
1.408,0.0,0.0,0.0,0.0,0.0,0.0
1.451,0.0,0.0,0.0,0.0,0.0,0.0
1.471,0.0,0.0,0.0,0.0,0.0,0.0
1.492,0.0,0.0,0.0,0.0,0.0,0.0
1.513,0.0,0.0,0.0,0.0,0.0,0.0
1.534,0.0,0.0,0.0,0.0,0.0,0.0
1.554,0.0,0.0,0.0,0.0,0.0,0.0
1.575,0.0,0.0,0.0,0.0,0.0,0.0
1.596,0.0,0.0,0.0,0.0,0.0,0.0
1.617,0.0,0.0,0.0,0.0,0.0,0.0
1.668,0.0,0.0,0.0,0.0,0.0,0.0
1.689,0.0,0.0,0.0,0.0,0.0,0.0
1.71,0.0,0.0,0.0,0.0,0.0,0.0
1.731,0.0,0.0,0.0,0.0,0.0,0.0
1.752,0.0,0.0,0.0,0.0,0.0,0.0
1.773,0.0,0.0,0.0,0.0,0.0,0.0
1.794,0.0,0.0,0.0,0.0,0.0,0.0
1.815,0.0,0.0,0.0,0.0,0.0,0.0
1.836,0.0,0.0,0.0,0.0,0.0,0.0
1.885,0.0,0.0,0.0,0.0,0.0,0.0
1.906,0.0,0.0,0.0,0.0,0.0,0.0
1.927,0.0,0.0,0.0,0.0,0.0,0.0
1.948,0.0,0.0,0.0,0.0,0.0,0.0
1.969,0.0,0.0,0.0,0.0,0.0,0.0
1.99,0.0,0.0,0.0,0.0,0.0,0.0
2.011,0.0,0.0,0.0,0.0,0.0,0.0
2.032,0.0,0.0,0.0,0.0,0.0,0.0
2.053,0.0,0.0,0.0,0.0,0.0,0.0
2.1,0.0,0.0,0.0,0.0,0.0,0.0
2.121,0.0,0.0,0.0,0.0,0.0,0.0
2.142,0.0,0.0,0.0,0.0,0.0,0.0
2.163,0.0,0.0,0.0,0.0,0.0,0.0
2.184,0.0,0.0,0.0,0.0,0.0,0.0
2.205,0.0,0.0,0.0,0.0,0.0,0.0
2.226,0.0,0.0,0.0,0.0,0.0,0.0
2.247,0.0,0.0,0.0,0.0,0.0,0.0
2.268,0.0,0.0,0.0,0.0,0.0,0.0
2.322,0.0,0.0,0.0,0.0,0.0,0.0
2.343,0.0,0.0,0.0,0.0,0.0,0.0
2.364,0.0,0.0,0.0,0.0,0.0,0.0
2.385,0.0,0.0,0.0,0.0,0.0,0.0
2.406,0.0,0.0,0.0,0.0,0.0,0.0
2.427,0.0,0.0,0.0,0.0,0.0,0.0
2.448,0.0,0.0,0.0,0.0,0.0,0.0
2.469,0.0,0.0,0.0,0.0,0.0,0.0
2.49,0.0,0.0,0.0,0.0,0.0,0.0
2.542,0.0,0.0,0.0,0.0,0.0,0.0
2.563,0.0,0.0,0.0,0.0,0.0,0.0
2.584,0.0,0.0,0.0,0.0,0.0,0.0
2.605,0.0,0.0,0.0,0.0,0.0,0.0
2.644,0.0,0.0,0.0,0.0,0.0,0.0
2.665,0.0,0.0,0.0,0.0,0.0,0.0
2.686,0.0,0.0,0.0,0.0,0.0,0.0
2.707,0.0,0.0,0.0,0.0,0.0,0.0
2.728,0.0,0.0,0.0,0.0,0.0,0.0
2.749,0.0,0.0,0.0,0.0,0.0,0.0
2.771,0.0,0.0,0.0,0.0,0.0,0.0
2.792,0.0,0.0,0.0,0.0,0.0,0.0
2.813,0.0,0.0,0.0,0.0,0.0,0.0
2.861,0.0,0.0,0.0,0.0,0.0,0.0
2.882,0.0,0.0,0.0,0.0,0.0,0.0
2.903,0.0,0.0,0.0,0.0,0.0,0.0
2.924,0.0,0.0,0.0,0.0,0.0,0.0
2.945,0.0,0.0,0.0,0.0,0.0,0.0
2.966,0.0,0.0,0.0,0.0,0.0,0.0
2.987,0.0,0.0,0.0,0.0,0.0,0.0
3.008,0.0,0.0,0.0,0.0,0.0,0.0
3.029,0.0,0.0,0.0,0.0,0.0,0.0
3.096,0.0,0.0,0.0,0.0,0.0,0.0
3.117,0.0,0.0,0.0,0.0,0.0,0.0
3.138,0.0,0.0,0.0,0.0,0.0,0.0
3.159,0.0,0.0,0.0,0.0,0.0,0.0
3.18,0.0,0.0,0.0,0.0,0.0,0.0
3.201,0.0,0.0,0.0,0.0,0.0,0.0
3.222,0.0,0.0,0.0,0.0,0.0,0.0
3.243,0.0,0.0,0.0,0.0,0.0,0.0
3.284,0.0,0.0,0.0,0.0,0.0,0.0
3.305,0.0,0.0,0.0,0.0,0.0,0.0
3.326,0.0,0.0,0.0,0.0,0.0,0.0
3.348,0.0,0.0,0.0,0.0,0.0,0.0
3.384,0.0,0.0,0.0,0.0,0.0,0.0
3.405,0.0,0.0,0.0,0.0,0.0,0.0
3.426,0.0,0.0,0.0,0.0,0.0,0.0
3.447,0.0,0.0,0.0,0.0,0.0,0.0
3.468,0.0,0.0,0.0,0.0,0.0,0.0
3.489,0.0,0.0,0.0,0.0,0.0,0.0
3.51,0.0,0.0,0.0,0.0,0.0,0.0
3.531,0.0,0.0,0.0,0.0,0.0,0.0
3.552,0.0,0.0,0.0,0.0,0.0,0.0
3.573,0.0,0.0,0.0,0.0,0.0,0.0
3.622,0.0,0.0,0.0,0.0,0.0,0.0
3.643,0.0,0.0,0.0,0.0,0.0,0.0
3.664,0.0,0.0,0.0,0.0,0.0,0.0
3.685,0.0,0.0,0.0,0.0,0.0,0.0
3.722,0.0,0.0,0.0,0.0,0.0,0.0
3.743,0.0,0.0,0.0,0.0,0.0,0.0
3.764,0.0,0.0,0.0,0.0,0.0,0.0
3.785,0.0,0.0,0.0,0.0,0.0,0.0
3.821,0.0,0.0,0.0,0.0,0.0,0.0
3.842,0.0,0.0,0.0,0.0,0.0,0.0
3.863,0.0,0.0,0.0,0.0,0.0,0.0
3.884,0.0,0.0,0.0,0.0,0.0,0.0
3.904,0.0,0.0,0.0,0.0,0.0,0.0
3.942,0.0,0.0,0.0,0.0,0.0,0.0
3.962,0.0,0.0,0.0,0.0,0.0,0.0
3.983,0.0,0.0,0.0,0.0,0.0,0.0
4.004,0.0,0.0,0.0,0.0,0.0,0.0
4.025,0.0,0.0,0.0,0.0,0.0,0.0
4.063,0.0,0.0,0.0,0.0,0.0,0.0
4.084,0.0,0.0,0.0,0.0,0.0,0.0
4.105,0.0,0.0,0.0,0.0,0.0,0.0
4.126,0.0,0.0,0.0,0.0,0.0,0.0
4.147,0.0,0.0,0.0,0.0,0.0,0.0
4.168,0.0,0.0,0.0,0.0,0.0,0.0
4.189,0.0,0.0,0.0,0.0,0.0,0.0
4.21,0.0,0.0,0.0,0.0,0.0,0.0
4.231,0.0,0.0,0.0,0.0,0.0,0.0
4.27,0.0,0.0,0.0,0.0,0.0,0.0
4.291,0.0,0.0,0.0,0.0,0.0,0.0
4.312,0.0,0.0,0.0,0.0,0.0,0.0
4.333,0.0,0.0,0.0,0.0,0.0,0.0
4.354,0.0,0.0,0.0,0.0,0.0,0.0
4.374,0.0,0.0,0.0,0.0,0.0,0.0
4.395,0.0,0.0,0.0,0.0,0.0,0.0
4.416,0.0,0.0,0.0,0.0,0.0,0.0
4.436,0.0,0.0,0.0,0.0,0.0,0.0
4.472,0.0,0.0,0.0,0.0,0.0,0.0
4.493,0.0,0.0,0.0,0.0,0.0,0.0
4.514,0.0,0.0,0.0,0.0,0.0,0.0
4.535,0.0,0.0,0.0,0.0,0.0,0.0
4.556,0.0,0.0,0.0,0.0,0.0,0.0
4.596,0.0,0.0,0.0,0.0,0.0,0.0
4.617,0.0,0.0,0.0,0.0,0.0,0.0
4.638,0.0,0.0,0.0,0.0,0.0,0.0
4.659,0.0,0.0,0.0,0.0,0.0,0.0
4.68,0.0,0.0,0.0,0.0,0.0,0.0
4.701,0.0,0.0,0.0,0.0,0.0,0.0
4.722,0.0,0.0,0.0,0.0,0.0,0.0
4.743,0.0,0.0,0.0,0.0,0.0,0.0
4.763,0.0,0.0,0.0,0.0,0.0,0.0
4.807,0.0,0.0,0.0,0.0,0.0,0.0
4.828,0.0,0.0,0.0,0.0,0.0,0.0
4.849,0.0,0.0,0.0,0.0,0.0,0.0
4.87,0.0,0.0,0.0,0.0,0.0,0.0
4.903,0.0,0.0,0.0,0.0,0.0,0.0
4.924,0.0,0.0,0.0,0.0,0.0,0.0
4.945,0.0,0.0,0.0,0.0,0.0,0.0
4.966,0.0,0.0,0.0,0.0,0.0,0.0
4.987,0.0,0.0,0.0,0.0,0.0,0.0
5.018,0.0,0.0,0.0,0.0,0.0,0.0
5.039,0.0,0.0,0.0,0.0,0.0,0.0
5.06,0.0,0.0,0.0,0.0,0.0,0.0
5.082,0.0,0.0,0.0,0.0,0.0,0.0
5.103,0.0,0.0,0.0,0.0,0.0,0.0
5.132,0.0,0.0,0.0,0.0,0.0,0.0
5.153,0.0,0.0,0.0,0.0,0.0,0.0
5.174,0.0,0.0,0.0,0.0,0.0,0.0
5.195,0.0,0.0,0.0,0.0,0.0,0.0
5.216,0.0,0.0,0.0,0.0,0.0,0.0
5.252,0.0,0.0,0.0,0.0,0.0,0.0
5.273,0.0,0.0,0.0,0.0,0.0,0.0
5.294,0.0,0.0,0.0,0.0,0.0,0.0
5.315,0.0,0.0,0.0,0.0,0.0,0.0
5.336,0.0,0.0,0.0,0.0,0.0,0.0
5.369,0.0,0.0,0.0,0.0,0.0,0.0
5.39,0.0,0.0,0.0,0.0,0.0,0.0
5.411,0.0,0.0,0.0,0.0,0.0,0.0
5.432,0.0,0.0,0.0,0.0,0.0,0.0
5.453,0.0,0.0,0.0,0.0,0.0,0.0
5.484,0.0,0.0,0.0,0.0,0.0,0.0
5.505,0.0,0.0,0.0,0.0,0.0,0.0
5.526,0.0,0.0,0.0,0.0,0.0,0.0
5.547,0.0,0.0,0.0,0.0,0.0,0.0
5.568,0.0,0.0,0.0,0.0,0.0,0.0
5.589,0.0,0.0,0.0,0.0,0.0,0.0
5.61,0.0,0.0,0.0,0.0,0.0,0.0
5.63,0.0,0.0,0.0,0.0,0.0,0.0
5.651,0.0,0.0,0.0,0.0,0.0,0.0
5.672,-0.1,0.0,0.0,0.0,0.0,0.0
5.719,-0.1,-0.1,0.0,0.0,0.0,0.0
5.74,-0.1,-0.1,0.0,0.0,0.0,0.0
5.761,-0.1,-0.1,0.0,0.0,0.0,0.0
5.782,0.0,-0.1,0.0,0.0,0.0,0.0
5.813,0.0,-0.1,0.0,0.0,0.0,0.0
5.834,0.0,0.0,0.0,0.0,0.0,0.0
5.855,0.0,0.0,0.0,0.0,0.0,0.0
5.876,0.0,0.0,0.0,0.0,0.0,0.0
5.898,0.0,0.0,0.0,0.0,0.0,0.0
5.934,0.0,0.0,0.0,0.0,0.0,0.0
5.955,0.0,0.0,0.0,0.0,0.0,0.0
5.976,0.0,0.0,0.0,0.0,0.0,0.0
5.997,0.0,0.0,0.0,0.0,0.0,0.0
6.018,0.0,0.0,0.0,0.0,0.0,0.0
6.052,0.0,0.0,0.0,0.0,0.0,0.0
6.073,0.0,0.0,0.0,0.0,0.0,0.0
6.094,0.0,0.0,0.0,0.0,0.0,0.0
6.115,0.0,0.0,0.0,0.0,0.0,0.0
6.136,0.0,0.0,0.0,0.0,0.0,0.0
6.171,0.0,0.0,0.0,0.0,0.0,0.0
6.192,0.0,0.0,0.0,0.0,0.0,0.0
6.213,0.0,0.0,0.0,0.0,0.0,0.0
6.234,0.0,0.0,0.0,0.0,0.0,0.0
6.255,0.0,0.0,0.0,0.0,0.0,0.0
6.289,0.0,0.0,0.0,0.0,0.0,0.0
6.31,0.0,0.0,0.0,0.0,0.0,0.0
6.331,0.0,0.0,0.0,0.0,0.0,0.0
6.352,0.0,0.0,0.0,0.0,0.0,0.0
6.373,0.0,0.0,0.0,0.0,0.0,0.0
6.407,0.0,0.0,0.0,0.0,0.0,0.0
6.428,0.0,0.0,0.0,0.0,0.0,0.0
6.45,0.0,0.0,0.0,0.0,0.0,0.0
6.471,0.0,0.0,0.0,0.0,0.0,0.0
6.492,0.0,0.0,0.0,0.0,0.0,0.0
6.526,0.0,0.0,0.0,0.0,0.0,0.0
6.547,0.0,0.0,0.0,0.0,0.0,0.0
6.568,0.0,0.0,0.0,0.0,0.0,0.0
6.589,0.0,0.0,0.0,0.0,0.0,0.0
6.61,0.0,0.0,0.0,0.0,0.0,0.0
6.644,0.0,0.0,0.0,0.0,0.0,0.0
6.665,0.0,0.0,0.0,0.0,0.0,0.0
6.686,0.0,0.0,0.0,0.0,0.0,0.0
6.707,0.0,0.0,0.0,0.0,0.0,0.0
6.728,0.0,0.0,0.0,0.0,0.0,0.0
6.763,0.0,0.0,0.0,0.0,0.0,0.0
6.784,0.0,0.0,0.0,0.0,0.0,0.0
6.805,0.0,0.0,0.0,0.0,0.0,0.0
6.826,0.0,0.0,0.0,0.0,0.0,0.0
6.847,0.0,0.0,0.0,0.0,0.0,0.0
6.882,0.0,0.0,0.0,0.0,0.0,0.0
6.903,0.0,0.0,0.0,0.0,0.0,0.0
6.924,0.0,0.0,0.0,0.0,0.0,0.0
6.945,0.0,0.0,0.0,0.0,0.0,0.0
6.966,0.0,0.0,0.0,0.0,0.0,0.0
7.0,0.0,0.0,0.0,0.0,0.0,0.0
7.021,0.0,0.0,0.0,0.0,0.0,0.0
7.042,0.0,0.0,0.0,0.0,0.0,0.0
7.063,0.0,0.0,0.0,0.0,0.0,0.0
7.084,0.0,0.0,0.0,0.0,0.0,0.0
7.119,0.0,0.0,0.0,0.0,0.0,0.0
7.14,0.0,0.0,0.0,0.0,0.0,0.0
7.161,0.0,0.0,0.0,0.0,0.0,0.0
7.182,0.0,0.0,0.0,0.0,0.0,0.0
7.203,0.0,0.0,0.0,0.0,0.0,0.0
7.237,0.0,0.0,0.0,0.0,0.0,0.0
7.258,0.0,0.0,0.0,0.0,0.0,0.0
7.279,0.0,0.0,0.0,0.0,0.0,0.0
7.3,0.0,0.0,0.0,0.0,0.0,0.0
7.321,0.0,0.0,0.0,0.0,0.0,0.0
7.357,0.0,0.0,0.0,0.0,0.0,0.0
7.378,0.0,0.0,0.0,0.0,0.0,0.0
7.399,0.0,0.0,0.0,0.0,0.0,0.0
7.42,0.0,0.0,0.0,0.0,0.0,0.0
7.441,0.0,0.0,0.0,0.0,0.0,0.0
7.475,0.0,0.0,0.0,0.0,0.0,0.0
7.496,0.0,0.0,0.0,0.0,0.0,0.0
7.517,0.0,0.0,0.0,0.0,0.0,0.0
7.538,0.0,0.0,0.0,0.0,0.0,0.0
7.559,0.0,0.0,0.0,0.0,0.0,0.0
7.594,0.0,0.0,0.0,0.0,0.0,0.0
7.615,0.0,0.0,0.0,0.0,0.0,0.0
7.636,0.0,0.2,0.0,0.0,0.0,0.0
7.657,0.0,0.4,0.0,0.0,0.0,0.0
7.678,0.0,0.3,0.0,0.0,0.0,0.0
7.712,0.0,0.0,0.0,0.0,0.0,0.0
7.733,0.0,-0.2,0.0,0.0,0.0,0.0
7.754,0.0,-0.3,0.0,0.0,0.0,0.0
7.775,0.0,-0.2,0.0,0.0,0.0,0.0
7.796,0.0,-0.2,0.0,0.0,0.0,0.0
7.829,-0.1,-0.1,0.0,0.0,0.0,0.0
7.85,-0.1,-0.1,0.0,0.0,0.0,0.0
7.871,-0.1,-0.1,0.0,0.0,0.0,0.0
7.892,0.0,-0.1,0.0,0.0,0.0,0.0
7.913,0.1,-0.1,0.0,0.0,0.0,0.0
7.946,0.3,0.0,0.0,0.0,0.0,0.0
7.967,0.7,0.1,0.0,0.0,0.0,0.0
7.988,0.8,0.3,0.0,0.0,0.0,0.0
8.009,0.8,0.4,0.0,0.0,0.0,0.0
8.03,0.6,0.6,0.0,0.0,0.0,0.0
8.065,0.4,1.2,0.0,0.0,0.0,0.0
8.086,0.2,1.4,0.0,0.0,0.0,0.0
8.107,0.0,1.2,0.0,0.0,0.0,0.0
8.128,-0.1,1.0,0.0,0.0,0.0,0.0
8.149,-0.1,0.7,0.0,0.0,0.0,0.0
8.182,-0.3,0.5,0.0,0.0,0.0,0.0
8.203,-0.3,0.4,0.0,0.0,0.0,0.0
8.224,-0.3,0.3,0.0,0.0,0.0,0.0
8.244,-0.3,0.2,0.0,0.0,0.0,0.0
8.265,-0.3,0.1,0.0,0.0,0.0,0.0
8.295,-0.3,0.1,0.0,0.0,0.0,0.0
8.316,-0.2,0.0,0.0,0.0,0.0,0.0
8.337,-0.2,0.0,0.0,0.0,0.0,0.0
8.358,-0.1,0.0,0.0,0.0,0.0,0.0
8.379,-0.1,0.0,0.0,0.0,0.0,0.0
8.411,-0.1,0.0,0.0,0.0,0.0,0.0
8.432,0.0,0.0,0.0,0.0,0.0,0.0
8.453,0.0,0.0,0.0,0.0,0.0,0.0
8.474,0.0,0.0,0.0,0.0,0.0,0.0
8.495,0.0,0.0,0.0,0.0,0.0,0.0
8.528,0.0,0.0,0.0,0.0,0.0,0.0
8.549,-0.1,0.0,0.0,0.0,0.0,0.0
8.57,-0.1,0.0,0.0,0.0,0.0,0.0
8.591,-0.1,0.0,0.0,0.0,0.0,0.0
8.612,-0.1,0.0,0.0,0.0,0.0,0.0
8.643,-0.1,0.0,0.0,0.0,0.0,0.0
8.664,0.0,0.0,0.0,0.0,0.0,0.0
8.685,0.0,0.0,0.0,0.0,0.0,0.0
8.706,0.0,0.0,0.0,0.0,0.0,0.0
8.727,0.0,0.0,0.0,0.0,0.0,0.0
8.759,0.1,0.0,0.0,0.0,0.0,0.0
8.78,0.0,0.0,0.0,0.0,0.0,0.0
8.801,0.0,0.0,0.0,0.0,0.0,0.0
8.822,0.0,0.0,0.0,0.0,0.0,0.0
8.843,0.1,0.0,0.0,0.0,0.0,0.0
8.874,0.0,0.0,0.0,0.0,0.0,0.0
8.894,0.0,0.0,0.0,0.0,0.0,0.0
8.915,0.0,0.0,0.0,0.0,0.0,0.0
8.937,0.0,0.0,0.0,0.0,0.0,0.0
8.958,0.0,0.0,0.0,0.0,0.0,0.0
8.989,0.0,0.0,0.0,0.0,0.0,0.0
9.01,0.0,0.1,0.0,0.0,0.0,0.0
9.031,-0.1,0.2,0.0,0.0,0.0,0.0
9.052,-0.2,0.2,0.0,0.0,0.0,0.0
9.073,-0.2,0.2,0.0,0.0,0.0,0.0
9.104,-0.2,0.6,0.0,0.0,0.0,0.0
9.125,-0.2,1.2,0.0,0.0,0.0,0.0
9.146,-0.2,2.3,0.0,0.0,0.0,0.0
9.167,-0.3,3.5,0.0,0.0,0.0,0.0
9.188,-0.3,4.8,0.0,0.0,0.0,0.0
9.221,0.0,6.9,0.0,0.0,0.0,0.0
9.242,0.2,8.3,0.0,0.0,0.0,0.0
9.263,0.2,9.6,0.0,0.0,0.0,0.0
9.284,0.1,10.5,0.0,0.0,0.0,0.0
9.305,0.1,10.8,0.0,0.0,0.0,0.0
9.337,0.0,10.3,0.0,0.0,0.0,0.0
9.358,0.0,9.4,0.0,0.0,0.0,0.0
9.379,0.0,8.3,0.0,0.0,0.0,0.0
9.4,0.0,7.2,0.0,0.0,0.0,0.0
9.421,0.0,6.1,0.0,0.0,0.0,0.0
9.454,0.0,4.7,0.0,0.0,0.0,0.0
9.475,0.0,3.9,0.0,0.0,0.0,0.0
9.496,0.0,3.2,0.0,0.0,0.0,0.0
9.517,0.0,2.6,0.0,0.0,0.0,0.0
9.538,0.0,2.2,0.0,0.0,0.0,0.0
9.571,0.0,1.6,0.0,0.0,0.0,0.0
9.592,0.0,1.3,0.0,0.0,0.0,0.0
9.613,0.0,1.0,0.0,0.0,0.0,0.0
9.634,0.0,0.8,0.0,0.0,0.0,0.0
9.655,0.0,0.6,0.0,0.0,0.0,0.0
9.688,0.0,0.4,0.0,0.0,0.0,0.0
9.709,0.0,0.3,0.0,0.0,0.0,0.0
9.73,-0.1,0.2,0.0,0.0,0.0,0.0
9.751,-0.1,0.2,0.0,0.0,0.0,0.0
9.772,-0.1,0.1,0.0,0.0,0.0,0.0
9.805,-0.1,0.0,0.0,0.0,0.0,0.0
9.826,-0.1,0.0,0.0,0.0,0.0,0.0
9.847,-0.1,0.0,0.0,0.0,0.0,0.0
9.868,-0.1,0.0,0.0,0.0,0.0,0.0
9.889,0.0,0.0,0.0,0.0,0.0,0.0
9.921,0.0,0.0,0.0,0.0,0.0,0.0
9.942,0.0,0.0,0.0,0.0,0.0,0.0
9.963,0.0,0.0,0.0,0.0,0.0,0.0
9.984,0.0,0.0,0.0,0.0,0.0,0.0
10.006,0.0,0.0,0.0,0.0,0.0,0.0
10.038,0.0,0.0,0.0,0.0,0.0,0.0
10.059,0.0,0.0,0.0,0.0,0.0,0.0
10.08,0.0,-0.1,0.0,0.0,0.0,0.0
10.101,-0.1,-0.2,0.0,0.0,0.0,0.0
10.122,-0.1,-0.2,0.0,0.0,0.0,0.0
10.155,-0.1,-0.2,0.0,0.0,0.0,0.0
10.176,-0.1,-0.2,0.0,0.0,0.0,0.0
10.197,-0.1,-0.2,0.0,0.0,0.0,0.0
10.218,-0.1,-0.2,0.0,0.0,0.0,0.0
10.239,-0.1,-0.1,0.0,0.0,0.0,0.0
10.273,0.0,0.0,0.0,0.0,0.0,0.0
10.294,0.0,0.1,0.0,0.0,0.0,0.0
10.315,0.0,0.1,0.0,0.0,0.0,0.0
10.336,0.0,0.1,0.0,0.0,0.0,0.0
10.357,0.0,0.1,0.0,0.0,0.0,0.0
10.39,0.0,0.0,0.0,0.0,0.0,0.0
10.411,-0.1,0.0,0.0,0.0,0.0,0.0
10.432,-0.1,0.0,0.0,0.0,0.0,0.0
10.453,-0.2,0.0,0.0,0.0,0.0,0.0
10.474,-0.2,0.0,0.0,0.0,0.0,0.0
10.508,-0.2,0.0,0.0,0.0,0.0,0.0
10.529,-0.1,0.0,0.0,0.0,0.0,0.0
10.55,-0.1,0.0,0.0,0.0,0.0,0.0
10.571,-0.1,0.0,0.0,0.0,0.0,0.0
10.592,-0.1,0.0,0.0,0.0,0.0,0.0
10.625,-0.1,-0.1,0.0,0.0,0.0,0.0
10.646,-0.1,-0.1,0.0,0.0,0.0,0.0
10.667,0.0,-0.1,0.0,0.0,0.0,0.0
10.688,0.0,-0.1,0.0,0.0,0.0,0.0
10.709,0.0,-0.1,0.0,0.0,0.0,0.0
10.742,0.0,-0.4,0.0,0.0,0.0,0.0
10.763,0.0,-0.4,0.0,0.0,0.0,0.0
10.784,0.0,-0.4,0.0,0.0,0.0,0.0
10.805,0.0,-0.3,0.0,0.0,0.0,0.0
10.826,0.0,-0.2,0.0,0.0,0.0,0.0
10.86,0.0,-0.1,0.0,0.0,0.0,0.0
10.881,0.0,0.0,0.0,0.0,0.0,0.0
10.902,0.0,0.0,0.0,0.0,0.0,0.0
10.923,0.0,0.1,0.0,0.0,0.0,0.0
10.944,0.0,0.1,0.0,0.0,0.0,0.0
10.976,0.0,0.1,0.0,0.0,0.0,0.0
10.997,0.0,0.0,0.0,0.0,0.0,0.0
11.018,0.0,0.0,0.0,0.0,0.0,0.0
11.039,0.0,0.0,0.0,0.0,0.0,0.0
11.06,0.0,0.0,0.0,0.0,0.0,0.0
11.093,0.0,0.0,0.0,0.0,0.0,0.0
11.114,0.0,0.0,0.0,0.0,0.0,0.0
11.135,0.0,0.0,0.0,0.0,0.0,0.0
11.156,0.0,0.0,0.0,0.0,0.0,0.0
11.177,0.0,0.0,0.0,0.0,0.0,0.0
11.21,0.0,0.0,0.0,0.0,0.0,0.0
11.231,0.0,0.0,0.0,0.0,0.0,0.0
11.252,0.0,0.0,0.0,0.0,0.0,0.0
11.273,0.1,0.0,0.0,0.0,0.0,0.0
11.294,0.0,-0.1,0.0,0.0,0.0,0.0
11.327,0.0,-0.6,0.0,0.0,0.0,0.0
11.348,0.0,-1.1,0.0,0.0,0.0,0.0
11.369,0.0,-1.5,0.0,0.0,0.0,0.0
11.39,0.1,-1.7,0.0,0.0,0.0,0.0
11.411,0.1,-1.6,0.0,0.0,0.0,0.0
11.445,0.0,-1.1,0.0,0.0,0.0,0.0
11.466,-0.1,-0.8,0.0,0.0,0.0,0.0
11.487,-0.2,-0.5,0.0,0.0,0.0,0.0
11.508,-0.2,-0.1,0.0,0.0,0.0,0.0
11.529,-0.3,0.2,0.0,0.0,0.0,0.0
11.565,-0.2,0.4,0.0,0.0,0.0,0.0
11.586,-0.1,0.2,0.0,0.0,0.0,0.0
11.607,-0.1,-0.1,0.0,0.0,0.0,0.0
11.628,-0.2,-0.4,0.0,0.0,0.0,0.0
11.649,-0.2,-0.5,0.0,0.0,0.0,0.0
11.683,0.0,-0.3,0.0,0.0,0.0,0.0
11.704,0.0,-0.2,0.0,0.0,0.0,0.0
11.725,0.0,-0.2,0.0,0.0,0.0,0.0
11.746,0.0,-0.1,0.0,0.0,0.0,0.0
11.767,0.0,-0.1,0.0,0.0,0.0,0.0
11.801,0.0,0.0,0.0,0.0,0.0,0.0
11.822,0.0,0.0,0.0,0.0,0.0,0.0
11.843,0.0,0.0,0.0,0.0,0.0,0.0
11.864,0.0,0.0,0.0,0.0,0.0,0.0
11.885,0.0,-0.1,0.0,0.0,0.0,0.0
11.919,-0.1,-0.1,0.0,0.0,0.0,0.0
11.94,-0.1,-0.1,0.0,0.0,0.0,0.0
11.961,-0.1,-0.1,0.0,0.0,0.0,0.0
11.982,-0.1,-0.1,0.0,0.0,0.0,0.0
12.003,-0.1,-0.1,0.0,0.0,0.0,0.0
12.037,-0.1,0.0,0.0,0.0,0.0,0.0
12.058,-0.1,0.0,0.0,0.0,0.0,0.0
12.079,-0.1,0.0,0.0,0.0,0.0,0.0
12.1,0.0,0.0,0.0,0.0,0.0,0.0
12.121,0.0,0.0,0.0,0.0,0.0,0.0
12.154,0.3,0.4,0.0,0.0,0.0,0.0
12.175,0.7,1.3,0.0,0.0,0.0,0.0
12.196,1.0,1.9,0.0,0.0,0.0,0.0
12.217,0.8,1.9,0.0,0.0,0.0,0.0
12.238,0.6,1.8,0.0,0.0,0.0,0.0
12.272,0.3,1.8,0.0,0.0,0.0,0.0
12.293,-0.2,1.3,0.0,0.0,0.0,0.0
12.314,-0.8,-0.2,0.0,0.0,0.0,0.0
12.335,-1.0,-2.0,0.0,0.0,0.0,0.0
12.356,-0.9,-3.2,0.0,0.0,0.0,0.0
12.39,-0.4,-4.1,0.0,0.0,0.0,0.0
12.412,0.0,-3.7,0.0,0.0,0.0,0.0
12.433,0.2,-2.8,0.0,0.0,0.0,0.0
12.454,0.3,-2.2,0.0,0.0,0.0,0.0
12.475,0.4,-1.7,0.0,0.0,0.0,0.0
12.508,0.2,-1.2,0.0,0.0,0.0,0.0
12.529,0.2,-1.1,0.0,0.0,0.0,0.0
12.55,0.1,-0.9,0.0,0.0,0.0,0.0
12.571,0.0,-0.8,0.0,0.0,0.0,0.0
12.592,-0.1,-1.0,0.0,0.0,0.0,0.0
12.627,-0.2,-1.4,0.0,0.0,0.0,0.0
12.648,-0.3,-1.3,0.0,0.0,0.0,0.0
12.669,-0.4,-1.0,0.0,0.0,0.0,0.0
12.69,-0.5,-0.8,0.0,0.0,0.0,0.0
12.711,-0.5,-0.6,0.0,0.0,0.0,0.0
12.745,-0.3,-0.3,0.0,0.0,0.0,0.0
12.766,-0.3,-0.2,0.0,0.0,0.0,0.0
12.787,-0.2,-0.2,0.0,0.0,0.0,0.0
12.808,-0.2,-0.1,0.0,0.0,0.0,0.0
12.829,-0.1,-0.1,0.0,0.0,0.0,0.0
12.863,-0.1,-0.1,0.0,0.0,0.0,0.0
12.884,-0.1,-0.1,0.0,0.0,0.0,0.0
12.905,-0.1,-0.1,0.0,0.0,0.0,0.0
12.926,-0.1,-0.1,0.0,0.0,0.0,0.0
12.947,-0.1,0.0,0.0,0.0,0.0,0.0
12.981,-0.1,0.0,0.0,0.0,0.0,0.0
13.002,-0.1,0.0,0.0,0.0,0.0,0.0
13.023,-0.1,0.0,0.0,0.0,0.0,0.0
13.044,-0.1,0.0,0.0,0.0,0.0,0.0
13.065,-0.1,0.0,0.0,0.0,0.0,0.0
13.099,-0.1,0.0,0.0,0.0,0.0,0.0
13.12,0.0,0.1,0.0,0.0,0.0,0.0
13.141,0.0,0.1,0.0,0.0,0.0,0.0
13.162,0.0,0.0,0.0,0.0,0.0,0.0
13.183,0.0,-0.1,0.0,0.0,0.0,0.0
13.217,0.0,-0.1,0.0,0.0,0.0,0.0
13.238,0.0,-0.1,0.0,0.0,0.0,0.0
13.259,0.0,-0.1,0.0,0.0,0.0,0.0
13.28,0.0,0.0,0.0,0.0,0.0,0.0
13.301,0.0,-0.1,0.0,0.0,0.0,0.0
13.335,0.0,-0.1,0.0,0.0,0.0,0.0
13.356,0.0,-0.1,0.0,0.0,0.0,0.0
13.377,0.0,0.0,0.0,0.0,0.0,0.0
13.398,0.0,0.1,0.0,0.0,0.0,0.0
13.419,0.0,0.1,0.0,0.0,0.0,0.0
13.454,0.0,0.1,0.0,0.0,0.0,0.0
13.475,0.0,0.1,0.0,0.0,0.0,0.0
13.496,0.0,0.1,0.0,0.0,0.0,0.0
13.517,0.0,0.1,0.0,0.0,0.0,0.0
13.538,0.0,0.0,0.0,0.0,0.0,0.0
13.573,0.0,0.0,0.0,0.0,0.0,0.0
13.594,0.0,-0.1,0.0,0.0,0.0,0.0
13.615,0.0,-0.1,0.0,0.0,0.0,0.0
13.636,0.0,-0.1,0.0,0.0,0.0,0.0
13.657,0.0,-0.1,0.0,0.0,0.0,0.0
13.691,0.0,0.0,0.0,0.0,0.0,0.0
13.712,0.0,0.0,0.0,0.0,0.0,0.0
13.733,0.0,0.0,0.0,0.0,0.0,0.0
13.754,0.0,0.2,0.0,0.0,0.0,0.0
13.775,-0.1,0.4,0.0,0.0,0.0,0.0
13.809,-0.1,0.4,0.0,0.0,0.0,0.0
13.83,-0.1,0.4,0.0,0.0,0.0,0.0
13.851,-0.1,0.3,0.0,0.0,0.0,0.0
13.872,-0.1,0.1,0.0,0.0,0.0,0.0
13.892,-0.1,-0.2,0.0,0.0,0.0,0.0
13.928,0.0,-0.6,0.0,0.0,0.0,0.0
13.949,0.0,-0.7,0.0,0.0,0.0,0.0
13.97,0.0,-0.7,0.0,0.0,0.0,0.0
13.991,0.0,-0.6,0.0,0.0,0.0,0.0
14.012,0.0,-0.5,0.0,0.0,0.0,0.0
14.046,0.0,-0.4,0.0,0.0,0.0,0.0
14.067,0.0,-0.3,0.0,0.0,0.0,0.0
14.088,0.0,-0.1,0.0,0.0,0.0,0.0
14.109,0.0,0.1,0.0,0.0,0.0,0.0
14.13,0.0,0.4,0.0,0.0,0.0,0.0
14.164,0.0,0.9,0.0,0.0,0.0,0.0
14.185,0.0,0.9,0.0,0.0,0.0,0.0
14.207,0.0,0.8,0.0,0.0,0.0,0.0
14.228,0.0,0.6,0.0,0.0,0.0,0.0
14.249,0.1,0.5,0.0,0.0,0.0,0.0
14.283,0.1,0.3,0.0,0.0,0.0,0.0
14.304,0.2,0.2,0.0,0.0,0.0,0.0
14.325,0.2,0.1,0.0,0.0,0.0,0.0
14.346,0.2,0.1,0.0,0.0,0.0,0.0
14.367,0.2,0.0,0.0,0.0,0.0,0.0
14.399,0.1,-0.1,0.0,0.0,0.0,0.0
14.42,0.0,-0.1,0.0,0.0,0.0,0.0
14.441,0.0,-0.2,0.0,0.0,0.0,0.0
14.462,0.1,-0.4,0.0,0.0,0.0,0.0
14.483,0.1,-0.7,0.0,0.0,0.0,0.0
14.52,0.0,-1.0,0.0,0.0,0.0,0.0
14.541,-0.1,-0.8,0.0,0.0,0.0,0.0
14.562,-0.1,-0.6,0.0,0.0,0.0,0.0
14.583,-0.1,-0.5,0.0,0.0,0.0,0.0
14.616,-0.1,-0.3,0.0,0.0,0.0,0.0
14.637,-0.2,-0.2,0.0,0.0,0.0,0.0
14.658,-0.3,0.0,0.0,0.0,0.0,0.0
14.679,-0.2,0.2,0.0,0.0,0.0,0.0
14.7,-0.2,0.6,0.0,0.0,0.0,0.0
14.734,-0.1,0.9,0.0,0.0,0.0,0.0
14.755,-0.2,0.9,0.0,0.0,0.0,0.0
14.776,-0.2,0.7,0.0,0.0,0.0,0.0
14.797,-0.1,0.5,0.0,0.0,0.0,0.0
14.818,-0.1,0.4,0.0,0.0,0.0,0.0
14.853,-0.1,0.2,0.0,0.0,0.0,0.0
14.874,0.0,0.2,0.0,0.0,0.0,0.0
14.895,0.0,0.1,0.0,0.0,0.0,0.0
14.916,0.0,0.0,0.0,0.0,0.0,0.0
14.937,0.0,-0.1,0.0,0.0,0.0,0.0
14.971,-0.1,-0.1,0.0,0.0,0.0,0.0
14.992,-0.1,0.0,0.0,0.0,0.0,0.0
15.013,-0.2,0.0,0.0,0.0,0.0,0.0
15.034,-0.2,0.0,0.0,0.0,0.0,0.0
15.055,-0.1,0.0,0.0,0.0,0.0,0.0
15.09,-0.1,0.0,0.0,0.0,0.0,0.0
15.111,-0.1,0.0,0.0,0.0,0.0,0.0
15.132,-0.1,0.0,0.0,0.0,0.0,0.0
15.153,-0.1,0.0,0.0,0.0,0.0,0.0
15.174,0.0,0.0,0.0,0.0,0.0,0.0
15.208,0.0,0.0,0.0,0.0,0.0,0.0
15.229,0.0,0.0,0.0,0.0,0.0,0.0
15.25,0.0,0.0,0.0,0.0,0.0,0.0
15.271,0.0,0.0,0.0,0.0,0.0,0.0
15.292,0.0,0.0,0.0,0.0,0.0,0.0
15.326,0.0,0.0,0.0,0.0,0.0,0.0
15.347,0.0,0.0,0.0,0.0,0.0,0.0
15.368,0.0,0.0,0.0,0.0,0.0,0.0
15.389,0.0,0.0,0.0,0.0,0.0,0.0
15.41,0.0,0.0,0.0,0.0,0.0,0.0
15.445,0.0,0.0,0.0,0.0,0.0,0.0
15.465,0.0,0.0,0.0,0.0,0.0,0.0
15.486,0.0,0.0,0.0,0.0,0.0,0.0
15.507,0.0,0.0,0.0,0.0,0.0,0.0
15.528,0.0,0.0,0.0,0.0,0.0,0.0
15.563,0.0,0.0,0.0,0.0,0.0,0.0
15.584,0.0,0.0,0.0,0.0,0.0,0.0
15.605,0.0,0.0,0.0,0.0,0.0,0.0
15.626,0.0,-0.1,0.0,0.0,0.0,0.0
15.647,0.0,-0.1,0.0,0.0,0.0,0.0
15.682,0.0,-0.1,0.0,0.0,0.0,0.0
15.703,0.0,-0.1,0.0,0.0,0.0,0.0
15.724,0.0,-0.1,0.0,0.0,0.0,0.0
15.745,0.0,-0.1,0.0,0.0,0.0,0.0
15.766,0.0,0.0,0.0,0.0,0.0,0.0
15.801,0.4,0.1,0.0,0.0,0.0,0.0
15.822,0.5,0.1,0.0,0.0,0.0,0.0
15.843,0.4,0.1,0.0,0.0,0.0,0.0
15.864,0.3,0.1,0.0,0.0,0.0,0.0
15.885,0.2,0.0,0.0,0.0,0.0,0.0
15.92,0.1,0.0,0.0,0.0,0.0,0.0
15.941,0.1,0.0,0.0,0.0,0.0,0.0
15.962,0.0,0.0,0.0,0.0,0.0,0.0
15.983,-0.1,0.0,0.0,0.0,0.0,0.0
16.004,-0.2,0.0,0.0,0.0,0.0,0.0
16.038,-0.3,0.0,0.0,0.0,0.0,0.0
16.059,-0.3,0.0,0.0,0.0,0.0,0.0
16.08,-0.2,0.0,0.0,0.0,0.0,0.0
16.101,-0.3,0.0,0.0,0.0,0.0,0.0
16.122,-0.2,0.0,0.0,0.0,0.0,0.0
16.155,-0.2,0.0,0.0,0.0,0.0,0.0
16.176,-0.2,0.0,0.0,0.0,0.0,0.0
16.197,-0.2,0.0,0.0,0.0,0.0,0.0
16.218,-0.2,0.0,0.0,0.0,0.0,0.0
16.239,-0.3,0.1,0.0,0.0,0.0,0.0
16.278,-0.2,0.1,0.0,0.0,0.0,0.0
16.299,-0.1,0.1,0.0,0.0,0.0,0.0
16.32,-0.1,0.0,0.0,0.0,0.0,0.0
16.341,-0.1,-0.1,0.0,0.0,0.0,0.0
16.374,-0.1,-0.1,0.0,0.0,0.0,0.0
16.395,-0.1,-0.1,0.0,0.0,0.0,0.0
16.416,-0.1,-0.1,0.0,0.0,0.0,0.0
16.437,0.0,-0.1,0.0,0.0,0.0,0.0
16.458,0.0,-0.1,0.0,0.0,0.0,0.0
16.493,0.0,-0.1,0.0,0.0,0.0,0.0
16.514,0.0,-0.1,0.0,0.0,0.0,0.0
16.535,0.0,-0.1,0.0,0.0,0.0,0.0
16.556,-0.1,0.0,0.0,0.0,0.0,0.0
16.577,-0.2,0.0,0.0,0.0,0.0,0.0
16.611,-0.2,0.0,0.0,0.0,0.0,0.0
16.632,-0.2,0.1,0.0,0.0,0.0,0.0
16.653,-0.1,0.1,0.0,0.0,0.0,0.0
16.674,0.0,0.2,0.0,0.0,0.0,0.0
16.695,0.0,0.2,0.0,0.0,0.0,0.0
16.732,0.1,0.7,0.0,0.0,0.0,0.0
16.753,0.1,1.2,0.0,0.0,0.0,0.0
16.774,0.1,1.8,0.0,0.0,0.0,0.0
16.795,0.2,2.4,0.0,0.0,0.0,0.0
16.816,0.2,2.9,0.0,0.0,0.0,0.0
16.851,0.1,3.3,0.0,0.0,0.0,0.0
16.872,0.1,2.9,0.0,0.0,0.0,0.0
16.893,0.0,2.3,0.0,0.0,0.0,0.0
16.914,0.0,1.6,0.0,0.0,0.0,0.0
16.935,0.0,1.1,0.0,0.0,0.0,0.0
16.97,-0.1,0.6,0.0,0.0,0.0,0.0
16.991,-0.1,0.5,0.0,0.0,0.0,0.0
17.012,-0.1,0.6,0.0,0.0,0.0,0.0
17.033,-0.1,0.6,0.0,0.0,0.0,0.0
17.054,-0.1,0.6,0.0,0.0,0.0,0.0
17.089,-0.2,0.5,0.0,0.0,0.0,0.0
17.11,-0.1,0.4,0.0,0.0,0.0,0.0
17.131,-0.2,0.3,0.0,0.0,0.0,0.0
17.152,-0.2,0.2,0.0,0.0,0.0,0.0
17.173,-0.1,0.1,0.0,0.0,0.0,0.0
17.209,-0.2,0.2,0.0,0.0,0.0,0.0
17.23,-0.1,0.1,0.0,0.0,0.0,0.0
17.251,-0.1,0.1,0.0,0.0,0.0,0.0
17.272,-0.1,0.1,0.0,0.0,0.0,0.0
17.293,0.0,0.1,0.0,0.0,0.0,0.0
17.328,0.3,0.0,0.0,0.0,0.0,0.0
17.349,0.3,0.0,0.0,0.0,0.0,0.0
17.37,0.2,0.1,0.0,0.0,0.0,0.0
17.391,0.1,0.1,0.0,0.0,0.0,0.0
17.412,0.1,0.0,0.0,0.0,0.0,0.0
17.447,0.0,0.0,0.0,0.0,0.0,0.0
17.468,0.0,0.0,0.0,0.0,0.0,0.0
17.489,0.0,0.0,0.0,0.0,0.0,0.0
17.51,0.0,-0.1,0.0,0.0,0.0,0.0
17.531,0.0,-0.1,0.0,0.0,0.0,0.0
17.566,0.0,-0.1,0.0,0.0,0.0,0.0
17.587,0.0,-0.1,0.0,0.0,0.0,0.0
17.608,0.1,0.0,0.0,0.0,0.0,0.0
17.629,0.3,0.1,0.0,0.0,0.0,0.0
17.65,0.4,0.2,0.0,0.0,0.0,0.0
17.686,0.0,0.6,0.0,0.0,0.0,0.0
17.707,-0.1,0.8,0.0,0.0,0.0,0.0
17.728,-0.2,1.1,0.0,0.0,0.0,0.0
17.749,-0.2,1.4,0.0,0.0,0.0,0.0
17.77,-0.3,1.6,0.0,0.0,0.0,0.0
17.805,-0.2,1.8,0.0,0.0,0.0,0.0
17.826,-0.2,1.8,0.0,0.0,0.0,0.0
17.847,-0.1,1.7,0.0,0.0,0.0,0.0
17.868,-0.1,1.4,0.0,0.0,0.0,0.0
17.889,-0.2,1.1,0.0,0.0,0.0,0.0
17.924,-0.1,0.7,0.0,0.0,0.0,0.0
17.945,-0.1,0.5,0.0,0.0,0.0,0.0
17.966,-0.1,0.3,0.0,0.0,0.0,0.0
17.988,-0.1,0.2,0.0,0.0,0.0,0.0
18.009,0.0,0.2,0.0,0.0,0.0,0.0
18.044,0.1,0.1,0.0,0.0,0.0,0.0
18.065,0.1,0.0,0.0,0.0,0.0,0.0
18.086,0.1,-0.1,0.0,0.0,0.0,0.0
18.107,0.0,0.0,0.0,0.0,0.0,0.0
18.128,0.0,0.0,0.0,0.0,0.0,0.0
18.163,0.0,0.0,0.0,0.0,0.0,0.0
18.184,0.0,0.0,0.0,0.0,0.0,0.0
18.205,0.0,0.0,0.0,0.0,0.0,0.0
18.226,0.0,0.0,0.0,0.0,0.0,0.0
18.247,0.0,0.0,0.0,0.0,0.0,0.0
18.283,0.0,0.0,0.0,0.0,0.0,0.0
18.304,0.0,0.0,0.0,0.0,0.0,0.0
18.325,0.0,0.0,0.0,0.0,0.0,0.0
18.346,0.0,0.0,0.0,0.0,0.0,0.0
18.367,0.0,0.0,0.0,0.0,0.0,0.0
18.402,0.1,0.0,0.0,0.0,0.0,0.0
18.423,0.2,0.0,0.0,0.0,0.0,0.0
18.444,0.2,0.0,0.0,0.0,0.0,0.0
18.465,0.2,0.0,0.0,0.0,0.0,0.0
18.486,0.1,0.0,0.0,0.0,0.0,0.0
18.521,-0.1,0.0,0.0,0.0,0.0,0.0
18.542,-0.1,0.0,0.0,0.0,0.0,0.0
18.563,-0.2,0.0,0.0,0.0,0.0,0.0
18.584,-0.2,-0.1,0.0,0.0,0.0,0.0
18.605,-0.2,-0.2,0.0,0.0,0.0,0.0
18.64,0.0,-0.2,0.0,0.0,0.0,0.0
18.661,0.0,-0.1,0.0,0.0,0.0,0.0
18.682,0.0,-0.1,0.0,0.0,0.0,0.0
18.703,0.0,-0.1,0.0,0.0,0.0,0.0
18.724,0.0,-0.1,0.0,0.0,0.0,0.0
18.759,0.0,-0.1,0.0,0.0,0.0,0.0
18.78,0.0,-0.2,0.0,0.0,0.0,0.0
18.801,0.0,-0.1,0.0,0.0,0.0,0.0
18.822,0.0,-0.1,0.0,0.0,0.0,0.0
18.843,0.0,-0.1,0.0,0.0,0.0,0.0
18.878,0.0,-0.1,0.0,0.0,0.0,0.0
18.899,0.0,-0.1,0.0,0.0,0.0,0.0
18.92,-0.1,-0.1,0.0,0.0,0.0,0.0
18.941,-0.1,0.0,0.0,0.0,0.0,0.0
18.962,-0.1,0.0,0.0,0.0,0.0,0.0
18.997,-0.1,0.0,0.0,0.0,0.0,0.0
19.018,-0.1,0.0,0.0,0.0,0.0,0.0
19.039,-0.1,0.0,0.0,0.0,0.0,0.0
19.06,-0.1,0.0,0.0,0.0,0.0,0.0
19.081,0.0,0.0,0.0,0.0,0.0,0.0
19.116,0.0,0.0,0.0,0.0,0.0,0.0
19.137,0.0,0.0,0.0,0.0,0.0,0.0
19.158,0.0,0.0,0.0,0.0,0.0,0.0
19.179,0.0,0.0,0.0,0.0,0.0,0.0
19.2,0.0,0.0,0.0,0.0,0.0,0.0
19.236,0.0,0.0,0.0,0.0,0.0,0.0
19.257,0.0,0.0,0.0,0.0,0.0,0.0
19.278,0.0,0.0,0.0,0.0,0.0,0.0
19.299,0.0,0.0,0.0,0.0,0.0,0.0
19.32,0.0,0.0,0.0,0.0,0.0,0.0
19.355,0.0,0.0,0.0,0.0,0.0,0.0
19.376,0.0,0.0,0.0,0.0,0.0,0.0
19.397,0.0,0.0,0.0,0.0,0.0,0.0
19.418,0.0,0.0,0.0,0.0,0.0,0.0
19.439,0.0,0.0,0.0,0.0,0.0,0.0
19.475,0.0,0.0,0.0,0.0,0.0,0.0
19.496,0.0,0.0,0.0,0.0,0.0,0.0
19.517,0.0,0.0,0.0,0.0,0.0,0.0
19.538,0.0,0.0,0.0,0.0,0.0,0.0
19.559,0.0,-0.1,0.0,0.0,0.0,0.0
19.595,0.0,-0.1,0.0,0.0,0.0,0.0
19.616,0.0,-0.1,0.0,0.0,0.0,0.0
19.637,0.0,-0.1,0.0,0.0,0.0,0.0
19.658,0.0,-0.1,0.0,0.0,0.0,0.0
19.679,0.0,-0.1,0.0,0.0,0.0,0.0
19.715,0.0,0.0,0.0,0.0,0.0,0.0
19.736,0.0,0.0,0.0,0.0,0.0,0.0
19.757,0.0,0.0,0.0,0.0,0.0,0.0
19.778,0.0,0.0,0.0,0.0,0.0,0.0
19.799,0.0,0.0,0.0,0.0,0.0,0.0
19.834,0.0,0.0,0.0,0.0,0.0,0.0
19.855,0.0,0.0,0.0,0.0,0.0,0.0
19.876,0.0,0.0,0.0,0.0,0.0,0.0
19.897,0.0,0.0,0.0,0.0,0.0,0.0
19.918,-0.1,0.0,0.0,0.0,0.0,0.0
19.953,-0.2,0.0,0.0,0.0,0.0,0.0
19.974,-0.2,0.0,0.0,0.0,0.0,0.0
19.995,-0.2,0.0,0.0,0.0,0.0,0.0
20.016,-0.2,0.0,0.0,0.0,0.0,0.0
20.037,-0.1,0.0,0.0,0.0,0.0,0.0
20.073,-0.1,0.1,0.0,0.0,0.0,0.0
20.094,-0.1,0.2,0.0,0.0,0.0,0.0
20.115,0.0,0.2,0.0,0.0,0.0,0.0
20.136,0.0,0.1,0.0,0.0,0.0,0.0
20.156,0.0,0.1,0.0,0.0,0.0,0.0
20.192,0.1,0.1,0.0,0.0,0.0,0.0
20.213,0.1,0.1,0.0,0.0,0.0,0.0
20.234,0.2,0.1,0.0,0.0,0.0,0.0
20.255,0.1,0.0,0.0,0.0,0.0,0.0
20.276,0.1,0.1,0.0,0.0,0.0,0.0
20.312,0.0,0.1,0.0,0.0,0.0,0.0
20.333,0.0,0.1,0.0,0.0,0.0,0.0
20.354,0.0,0.3,0.0,0.0,0.0,0.0
20.375,0.0,0.7,0.0,0.0,0.0,0.0
20.396,0.0,1.4,0.0,0.0,0.0,0.0
20.432,0.0,2.5,0.0,0.0,0.0,0.0
20.453,-0.1,2.9,0.0,0.0,0.0,0.0
20.474,-0.2,3.3,0.0,0.0,0.0,0.0
20.495,-0.3,3.4,0.0,0.0,0.0,0.0
20.516,-0.3,3.1,0.0,0.0,0.0,0.0
20.551,-0.3,2.2,0.0,0.0,0.0,0.0
20.572,-0.3,1.7,0.0,0.0,0.0,0.0
20.593,-0.2,1.3,0.0,0.0,0.0,0.0
20.614,-0.2,0.9,0.0,0.0,0.0,0.0
20.635,-0.1,0.7,0.0,0.0,0.0,0.0
20.67,-0.1,0.5,0.0,0.0,0.0,0.0
20.691,-0.1,0.4,0.0,0.0,0.0,0.0
20.712,-0.1,0.3,0.0,0.0,0.0,0.0
20.733,-0.1,0.2,0.0,0.0,0.0,0.0
20.754,-0.1,0.1,0.0,0.0,0.0,0.0
20.79,0.0,0.1,0.0,0.0,0.0,0.0
20.811,0.0,0.0,0.0,0.0,0.0,0.0
20.832,0.0,0.0,0.0,0.0,0.0,0.0
20.853,0.0,0.0,0.0,0.0,0.0,0.0
20.874,0.0,0.0,0.0,0.0,0.0,0.0
20.91,0.0,0.0,0.0,0.0,0.0,0.0
20.931,0.0,0.0,0.0,0.0,0.0,0.0
20.952,0.0,-0.1,0.0,0.0,0.0,0.0
20.973,0.0,-0.1,0.0,0.0,0.0,0.0
20.994,0.0,-0.1,0.0,0.0,0.0,0.0
21.03,0.0,-0.2,0.0,0.0,0.0,0.0
21.051,0.0,-0.2,0.0,0.0,0.0,0.0
21.072,0.0,-0.1,0.0,0.0,0.0,0.0
21.093,0.0,-0.1,0.0,0.0,0.0,0.0
21.114,0.0,-0.1,0.0,0.0,0.0,0.0
21.148,0.0,0.0,0.0,0.0,0.0,0.0
21.169,0.0,0.0,0.0,0.0,0.0,0.0
21.19,0.0,0.0,0.0,0.0,0.0,0.0
21.211,-0.1,0.0,0.0,0.0,0.0,0.0
21.232,-0.1,-0.1,0.0,0.0,0.0,0.0
21.267,-0.1,-0.1,0.0,0.0,0.0,0.0
21.288,-0.1,-0.2,0.0,0.0,0.0,0.0
21.309,-0.1,-0.2,0.0,0.0,0.0,0.0
21.33,-0.1,-0.1,0.0,0.0,0.0,0.0
21.351,-0.1,-0.1,0.0,0.0,0.0,0.0
21.386,0.0,-0.1,0.0,0.0,0.0,0.0
21.407,0.0,0.0,0.0,0.0,0.0,0.0
21.428,0.0,0.0,0.0,0.0,0.0,0.0
21.449,0.0,0.0,0.0,0.0,0.0,0.0
21.47,0.0,0.0,0.0,0.0,0.0,0.0
21.505,0.0,0.0,0.0,0.0,0.0,0.0
21.526,0.0,0.0,0.0,0.0,0.0,0.0
21.547,0.0,0.0,0.0,0.0,0.0,0.0
21.568,0.0,0.0,0.0,0.0,0.0,0.0
21.589,0.0,0.0,0.0,0.0,0.0,0.0
21.624,0.0,0.0,0.0,0.0,0.0,0.0
21.645,0.0,0.0,0.0,0.0,0.0,0.0
21.666,0.0,0.0,0.0,0.0,0.0,0.0
21.687,0.0,0.0,0.0,0.0,0.0,0.0
21.708,0.0,0.0,0.0,0.0,0.0,0.0
21.743,0.0,0.0,0.0,0.0,0.0,0.0
21.764,0.0,0.0,0.0,0.0,0.0,0.0
21.786,0.0,0.0,0.0,0.0,0.0,0.0
21.807,0.0,0.0,0.0,0.0,0.0,0.0
21.828,0.0,0.0,0.0,0.0,0.0,0.0
21.864,0.0,0.0,0.0,0.0,0.0,0.0
21.885,0.0,0.0,0.0,0.0,0.0,0.0
21.906,0.0,0.0,0.0,0.0,0.0,0.0
21.927,0.0,0.0,0.0,0.0,0.0,0.0
21.948,0.0,0.0,0.0,0.0,0.0,0.0
21.983,0.0,0.0,0.0,0.0,0.0,0.0
22.004,0.0,0.0,0.0,0.0,0.0,0.0
22.025,0.0,0.0,0.0,0.0,0.0,0.0
22.046,0.0,0.0,0.0,0.0,0.0,0.0
22.067,0.0,0.0,0.0,0.0,0.0,0.0
22.103,0.1,-0.1,0.0,0.0,0.0,0.0
22.124,0.0,-0.1,0.0,0.0,0.0,0.0
22.145,0.0,-0.1,0.0,0.0,0.0,0.0
22.166,0.0,-0.1,0.0,0.0,0.0,0.0
22.187,0.0,-0.1,0.0,0.0,0.0,0.0
22.223,0.0,-0.1,0.0,0.0,0.0,0.0
22.244,0.0,-0.1,0.0,0.0,0.0,0.0
22.265,0.0,-0.2,0.0,0.0,0.0,0.0
22.286,0.0,-0.5,0.0,0.0,0.0,0.0
22.307,0.0,-0.9,0.0,0.0,0.0,0.0
22.342,0.0,-1.1,0.0,0.0,0.0,0.0
22.363,0.0,-1.0,0.0,0.0,0.0,0.0
22.384,0.0,-0.8,0.0,0.0,0.0,0.0
22.405,0.0,-0.6,0.0,0.0,0.0,0.0
22.426,0.0,-0.5,0.0,0.0,0.0,0.0
22.462,0.0,-0.3,0.0,0.0,0.0,0.0
22.483,0.0,-0.2,0.0,0.0,0.0,0.0
22.504,0.0,-0.2,0.0,0.0,0.0,0.0
22.525,0.0,-0.1,0.0,0.0,0.0,0.0
22.546,0.0,0.0,0.0,0.0,0.0,0.0
22.581,0.0,0.0,0.0,0.0,0.0,0.0
22.602,0.0,0.0,0.0,0.0,0.0,0.0
22.623,-0.1,0.0,0.0,0.0,0.0,0.0
22.644,-0.1,-0.1,0.0,0.0,0.0,0.0
22.665,0.0,-0.1,0.0,0.0,0.0,0.0
22.7,0.0,-0.1,0.0,0.0,0.0,0.0
22.721,-0.1,-0.1,0.0,0.0,0.0,0.0
22.742,-0.1,-0.1,0.0,0.0,0.0,0.0
22.763,-0.1,-0.1,0.0,0.0,0.0,0.0
22.784,-0.1,-0.1,0.0,0.0,0.0,0.0
22.82,-0.1,0.0,0.0,0.0,0.0,0.0
22.841,-0.1,0.0,0.0,0.0,0.0,0.0
22.862,-0.1,0.1,0.0,0.0,0.0,0.0
22.883,0.0,0.2,0.0,0.0,0.0,0.0
22.904,0.0,0.4,0.0,0.0,0.0,0.0
22.94,0.0,0.6,0.0,0.0,0.0,0.0
22.961,0.0,0.7,0.0,0.0,0.0,0.0
22.982,0.0,0.7,0.0,0.0,0.0,0.0
23.003,0.0,0.6,0.0,0.0,0.0,0.0
23.024,0.0,0.5,0.0,0.0,0.0,0.0
23.059,0.0,0.4,0.0,0.0,0.0,0.0
23.08,0.0,0.3,0.0,0.0,0.0,0.0
23.101,0.0,0.2,0.0,0.0,0.0,0.0
23.122,0.0,0.1,0.0,0.0,0.0,0.0
23.143,0.0,0.1,0.0,0.0,0.0,0.0
23.179,0.0,0.0,0.0,0.0,0.0,0.0
23.2,0.0,0.0,0.0,0.0,0.0,0.0
23.221,0.0,0.0,0.0,0.0,0.0,0.0
23.242,0.0,0.0,0.0,0.0,0.0,0.0
23.263,0.0,0.0,0.0,0.0,0.0,0.0
23.298,0.0,0.0,0.0,0.0,0.0,0.0
23.319,0.0,0.0,0.0,0.0,0.0,0.0
23.34,0.0,0.0,0.0,0.0,0.0,0.0
23.361,0.0,-0.1,0.0,0.0,0.0,0.0
23.382,0.0,-0.2,0.0,0.0,0.0,0.0
23.417,-0.1,-0.6,0.0,0.0,0.0,0.0
23.438,-0.1,-1.0,0.0,0.0,0.0,0.0
23.459,-0.1,-1.0,0.0,0.0,0.0,0.0
23.48,-0.2,-0.9,0.0,0.0,0.0,0.0
23.502,-0.2,-0.7,0.0,0.0,0.0,0.0
23.537,-0.1,-0.5,0.0,0.0,0.0,0.0
23.558,-0.1,-0.4,0.0,0.0,0.0,0.0
23.579,-0.1,-0.3,0.0,0.0,0.0,0.0
23.6,-0.1,-0.2,0.0,0.0,0.0,0.0
23.621,-0.1,-0.1,0.0,0.0,0.0,0.0
23.657,-0.2,0.0,0.0,0.0,0.0,0.0
23.678,-0.3,-0.1,0.0,0.0,0.0,0.0
23.699,-0.3,-0.4,0.0,0.0,0.0,0.0
23.72,-0.2,-0.8,0.0,0.0,0.0,0.0
23.741,-0.2,-0.9,0.0,0.0,0.0,0.0
23.776,-0.1,-0.6,0.0,0.0,0.0,0.0
23.797,0.0,-0.3,0.0,0.0,0.0,0.0
23.818,0.0,-0.2,0.0,0.0,0.0,0.0
23.839,0.0,-0.2,0.0,0.0,0.0,0.0
23.86,0.0,-0.1,0.0,0.0,0.0,0.0
23.895,0.0,0.0,0.0,0.0,0.0,0.0
23.916,0.0,0.0,0.0,0.0,0.0,0.0
23.937,-0.1,0.0,0.0,0.0,0.0,0.0
23.958,-0.1,-0.1,0.0,0.0,0.0,0.0
23.979,-0.1,-0.1,0.0,0.0,0.0,0.0
24.014,-0.1,-0.1,0.0,0.0,0.0,0.0
24.035,-0.2,-0.1,0.0,0.0,0.0,0.0
24.056,-0.2,-0.1,0.0,0.0,0.0,0.0
24.077,-0.1,-0.1,0.0,0.0,0.0,0.0
24.098,-0.1,0.0,0.0,0.0,0.0,0.0
24.133,-0.1,0.0,0.0,0.0,0.0,0.0
24.154,-0.1,0.0,0.0,0.0,0.0,0.0
24.175,-0.1,-0.2,0.0,0.0,0.0,0.0
24.196,0.0,-0.6,0.0,0.0,0.0,0.0
24.217,0.0,-1.2,0.0,0.0,0.0,0.0
24.252,0.0,-2.8,0.0,0.0,0.0,0.0
24.273,0.0,-4.0,0.0,0.0,0.0,0.0
24.294,0.0,-5.3,0.0,0.0,0.0,0.0
24.315,0.0,-6.6,0.0,0.0,0.0,0.0
24.336,0.0,-7.9,0.0,0.0,0.0,0.0
24.37,0.0,-9.8,0.0,0.0,0.0,0.0
24.391,0.0,-10.9,0.0,0.0,0.0,0.0
24.412,0.0,-11.9,0.0,0.0,0.0,0.0
24.433,0.0,-12.9,0.0,0.0,0.0,0.0
24.454,0.0,-13.9,0.0,0.0,0.0,0.0
24.489,0.1,-15.5,0.0,0.0,0.0,0.0
24.51,0.2,-16.3,0.0,0.0,0.0,0.0
24.531,0.4,-17.2,0.0,0.0,0.0,0.0
24.552,0.6,-17.8,0.0,0.0,0.0,0.0
24.573,0.7,-18.1,0.0,0.0,0.0,0.0
24.608,0.7,-17.8,0.0,0.0,0.0,0.0
24.629,0.7,-17.3,0.0,0.0,0.0,0.0
24.651,0.6,-16.8,0.0,0.0,0.0,0.0
24.672,0.5,-16.2,0.0,0.0,0.0,0.0
24.693,0.4,-15.4,0.0,0.0,0.0,0.0
24.728,-0.2,-13.8,0.0,0.0,0.0,0.0
24.749,-0.1,-13.0,0.0,0.0,0.0,0.0
24.77,-0.1,-12.4,0.0,0.0,0.0,0.0
24.791,0.0,-11.6,0.0,0.0,0.0,0.0
24.812,0.0,-10.2,0.0,0.0,0.0,0.0
24.846,0.0,-6.9,0.0,0.0,0.0,0.0
24.867,0.1,-4.9,0.0,0.0,0.0,0.0
24.888,0.0,-3.2,0.0,0.0,0.0,0.0
24.909,0.0,-2.1,0.0,0.0,0.0,0.0
24.931,0.0,-1.4,0.0,0.0,0.0,0.0
24.965,0.0,-0.3,0.0,0.0,0.0,0.0
24.986,-0.1,0.2,0.0,0.0,0.0,0.0
25.008,-0.1,0.6,0.0,0.0,0.0,0.0
25.029,-0.1,1.1,0.0,0.0,0.0,0.0
25.05,-0.1,1.7,0.0,0.0,0.0,0.0
25.085,-0.1,3.5,0.0,0.0,0.0,0.0
25.106,-0.1,4.8,0.0,0.0,0.0,0.0
25.127,0.0,6.1,0.0,0.0,0.0,0.0
25.148,0.0,7.3,0.0,0.0,0.0,0.0
25.169,-0.1,8.9,0.0,0.0,0.0,0.0
25.204,-0.2,12.2,0.0,0.0,0.0,0.0
25.225,-0.2,14.2,0.0,0.0,0.0,0.0
25.246,-0.4,16.3,0.0,0.0,0.0,0.0
25.267,-0.5,18.4,0.0,0.0,0.0,0.0
25.288,-0.5,20.5,0.0,0.0,0.0,0.0
25.323,-0.6,24.1,0.0,0.0,0.0,0.0
25.344,-0.6,26.3,0.0,0.0,0.0,0.0
25.365,-0.5,28.1,0.0,0.0,0.0,0.0
25.386,-0.5,29.6,0.0,0.0,0.0,0.0
25.407,-0.4,30.9,0.0,0.0,0.0,0.0
25.442,-0.3,31.6,0.0,0.0,0.0,0.0
25.463,-0.3,30.9,0.0,0.0,0.0,0.0
25.484,-0.2,29.9,0.0,0.0,0.0,0.0
25.505,-0.2,28.7,0.0,0.0,0.0,0.0
25.526,-0.1,27.2,0.0,0.0,0.0,0.0
25.562,0.0,24.2,0.0,0.0,0.0,0.0
25.583,0.0,22.2,0.0,0.0,0.0,0.0
25.604,0.0,20.1,0.0,0.0,0.0,0.0
25.625,0.0,18.2,0.0,0.0,0.0,0.0
25.646,0.0,16.2,0.0,0.0,0.0,0.0
25.681,0.0,12.7,0.0,0.0,0.0,0.0
25.702,0.0,10.6,0.0,0.0,0.0,0.0
25.723,0.0,8.5,0.0,0.0,0.0,0.0
25.744,0.0,6.6,0.0,0.0,0.0,0.0
25.765,0.0,5.0,0.0,0.0,0.0,0.0
25.8,-0.1,2.9,0.0,0.0,0.0,0.0
25.821,-0.1,2.0,0.0,0.0,0.0,0.0
25.842,-0.1,1.3,0.0,0.0,0.0,0.0
25.863,-0.1,0.8,0.0,0.0,0.0,0.0
25.884,-0.1,0.5,0.0,0.0,0.0,0.0
25.919,-0.1,0.2,0.0,0.0,0.0,0.0
25.94,0.0,0.0,0.0,0.0,0.0,0.0
25.961,0.0,0.0,0.0,0.0,0.0,0.0
25.982,0.0,0.0,0.0,0.0,0.0,0.0
26.003,0.1,0.0,0.0,0.0,0.0,0.0
26.037,0.1,0.0,0.0,0.0,0.0,0.0
26.058,0.0,0.0,0.0,0.0,0.0,0.0
26.079,0.0,0.0,0.0,0.0,0.0,0.0
26.1,0.0,0.0,0.0,0.0,0.0,0.0
26.121,-0.1,0.0,0.0,0.0,0.0,0.0
26.157,-0.1,0.0,0.0,0.0,0.0,0.0
26.178,-0.1,0.0,0.0,0.0,0.0,0.0
26.199,-0.1,0.1,0.0,0.0,0.0,0.0
26.22,-0.1,0.1,0.0,0.0,0.0,0.0
26.241,-0.1,0.1,0.0,0.0,0.0,0.0
26.276,0.0,0.1,0.0,0.0,0.0,0.0
26.297,0.0,0.2,0.0,0.0,0.0,0.0
26.318,0.0,0.3,0.0,0.0,0.0,0.0
26.339,0.0,0.4,0.0,0.0,0.0,0.0
26.36,0.0,0.5,0.0,0.0,0.0,0.0
26.396,0.0,1.0,0.0,0.0,0.0,0.0
26.417,0.0,1.2,0.0,0.0,0.0,0.0
26.438,-0.1,1.4,0.0,0.0,0.0,0.0
26.459,-0.1,1.6,0.0,0.0,0.0,0.0
26.48,-0.1,2.0,0.0,0.0,0.0,0.0
26.514,-0.1,2.6,0.0,0.0,0.0,0.0
26.536,-0.1,3.0,0.0,0.0,0.0,0.0
26.557,-0.1,2.9,0.0,0.0,0.0,0.0
26.578,-0.1,2.5,0.0,0.0,0.0,0.0
26.599,0.0,1.8,0.0,0.0,0.0,0.0
26.632,0.0,0.4,0.0,0.0,0.0,0.0
26.653,0.0,-0.3,0.0,0.0,0.0,0.0
26.674,0.0,-0.9,0.0,0.0,0.0,0.0
26.695,0.0,-1.6,0.0,0.0,0.0,0.0
26.716,0.0,-2.3,0.0,0.0,0.0,0.0
26.752,0.0,-3.6,0.0,0.0,0.0,0.0
26.773,0.0,-4.3,0.0,0.0,0.0,0.0
26.794,0.0,-5.0,0.0,0.0,0.0,0.0
26.815,0.0,-5.6,0.0,0.0,0.0,0.0
26.836,0.0,-6.1,0.0,0.0,0.0,0.0
26.872,0.0,-6.7,0.0,0.0,0.0,0.0
26.893,0.0,-7.0,0.0,0.0,0.0,0.0
26.914,0.0,-7.1,0.0,0.0,0.0,0.0
26.935,0.0,-6.9,0.0,0.0,0.0,0.0
26.956,0.0,-6.6,0.0,0.0,0.0,0.0
26.991,0.0,-5.6,0.0,0.0,0.0,0.0
27.012,0.0,-4.7,0.0,0.0,0.0,0.0
27.033,0.0,-3.8,0.0,0.0,0.0,0.0
27.054,0.0,-2.9,0.0,0.0,0.0,0.0
27.075,0.0,-2.2,0.0,0.0,0.0,0.0
27.11,0.0,-1.3,0.0,0.0,0.0,0.0
27.131,0.0,-0.9,0.0,0.0,0.0,0.0
27.152,0.0,-0.6,0.0,0.0,0.0,0.0
27.173,0.0,-0.2,0.0,0.0,0.0,0.0
27.194,0.0,0.0,0.0,0.0,0.0,0.0
27.229,0.1,0.2,0.0,0.0,0.0,0.0
27.25,0.0,0.2,0.0,0.0,0.0,0.0
27.271,0.0,0.2,0.0,0.0,0.0,0.0
27.292,0.0,0.2,0.0,0.0,0.0,0.0
27.313,0.0,0.1,0.0,0.0,0.0,0.0
27.349,-0.1,0.0,0.0,0.0,0.0,0.0
27.37,-0.2,-0.1,0.0,0.0,0.0,0.0
27.391,-0.3,-0.1,0.0,0.0,0.0,0.0
27.412,-0.3,0.0,0.0,0.0,0.0,0.0
27.433,-0.3,0.0,0.0,0.0,0.0,0.0
27.468,-0.3,-0.1,0.0,0.0,0.0,0.0
27.489,-0.3,-0.1,0.0,0.0,0.0,0.0
27.51,-0.3,-0.1,0.0,0.0,0.0,0.0
27.531,-0.3,-0.1,0.0,0.0,0.0,0.0
27.552,-0.2,-0.1,0.0,0.0,0.0,0.0
27.587,-0.2,-0.1,0.0,0.0,0.0,0.0
27.609,-0.1,-0.1,0.0,0.0,0.0,0.0
27.63,-0.1,0.0,0.0,0.0,0.0,0.0
27.651,-0.1,0.0,0.0,0.0,0.0,0.0
27.672,0.0,0.0,0.0,0.0,0.0,0.0
27.707,0.0,-0.1,0.0,0.0,0.0,0.0
27.728,0.0,-0.1,0.0,0.0,0.0,0.0
27.749,0.0,-0.1,0.0,0.0,0.0,0.0
27.77,0.0,0.0,0.0,0.0,0.0,0.0
27.791,-0.1,0.0,0.0,0.0,0.0,0.0
27.825,-0.1,0.1,0.0,0.0,0.0,0.0
27.846,0.0,0.1,0.0,0.0,0.0,0.0
27.867,0.0,0.0,0.0,0.0,0.0,0.0
27.888,0.0,0.0,0.0,0.0,0.0,0.0
27.909,0.1,0.0,0.0,0.0,0.0,0.0
27.945,0.0,-0.1,0.0,0.0,0.0,0.0
27.966,0.0,-0.1,0.0,0.0,0.0,0.0
27.987,0.0,-0.1,0.0,0.0,0.0,0.0
28.008,0.0,-0.2,0.0,0.0,0.0,0.0
28.029,0.0,-0.3,0.0,0.0,0.0,0.0
28.064,0.0,-0.4,0.0,0.0,0.0,0.0
28.085,0.0,-0.3,0.0,0.0,0.0,0.0
28.106,0.0,-0.3,0.0,0.0,0.0,0.0
28.127,0.0,-0.2,0.0,0.0,0.0,0.0
28.147,0.0,-0.2,0.0,0.0,0.0,0.0
28.183,0.0,-0.1,0.0,0.0,0.0,0.0
28.204,0.0,-0.1,0.0,0.0,0.0,0.0
28.225,0.0,-0.1,0.0,0.0,0.0,0.0
28.246,0.1,-0.1,0.0,0.0,0.0,0.0
28.267,0.4,0.0,0.0,0.0,0.0,0.0
28.302,0.4,0.2,0.0,0.0,0.0,0.0
28.323,0.4,0.3,0.0,0.0,0.0,0.0
28.344,0.3,0.4,0.0,0.0,0.0,0.0
28.365,0.3,0.4,0.0,0.0,0.0,0.0
28.386,0.2,0.4,0.0,0.0,0.0,0.0
28.421,0.1,0.2,0.0,0.0,0.0,0.0
28.442,0.1,0.1,0.0,0.0,0.0,0.0
28.463,0.0,0.1,0.0,0.0,0.0,0.0
28.484,0.0,0.0,0.0,0.0,0.0,0.0
28.505,0.0,-0.3,0.0,0.0,0.0,0.0
28.54,0.0,-1.0,0.0,0.0,0.0,0.0
28.561,-0.1,-1.3,0.0,0.0,0.0,0.0
28.582,-0.2,-1.4,0.0,0.0,0.0,0.0
28.603,-0.4,-1.4,0.0,0.0,0.0,0.0
28.624,-0.6,-1.4,0.0,0.0,0.0,0.0
28.659,-0.6,-1.5,0.0,0.0,0.0,0.0
28.68,-0.5,-1.4,0.0,0.0,0.0,0.0
28.701,-0.4,-1.2,0.0,0.0,0.0,0.0
28.722,-0.2,-0.9,0.0,0.0,0.0,0.0
28.743,-0.2,-0.7,0.0,0.0,0.0,0.0
28.778,-0.1,-0.3,0.0,0.0,0.0,0.0
28.799,-0.1,-0.1,0.0,0.0,0.0,0.0
28.82,-0.1,0.0,0.0,0.0,0.0,0.0
28.841,-0.1,-0.1,0.0,0.0,0.0,0.0
28.862,-0.1,-0.3,0.0,0.0,0.0,0.0
28.897,-0.2,-0.7,0.0,0.0,0.0,0.0
28.918,-0.4,-0.9,0.0,0.0,0.0,0.0
28.939,-0.5,-0.9,0.0,0.0,0.0,0.0
28.96,-0.6,-1.0,0.0,0.0,0.0,0.0
28.981,-0.7,-0.9,0.0,0.0,0.0,0.0
29.016,-1.2,-1.1,0.0,0.0,0.0,0.0
29.037,-1.8,-1.4,0.0,0.0,0.0,0.0
29.058,-2.8,-2.0,0.0,0.0,0.0,0.0
29.079,-4.2,-2.6,0.0,0.0,0.0,0.0
29.1,-5.7,-3.0,0.0,0.0,0.0,0.0
29.134,-8.2,-3.7,0.0,0.0,0.0,0.0
29.155,-9.6,-4.1,0.0,0.0,0.0,0.0
29.176,-11.0,-4.5,0.0,0.0,0.0,0.0
29.197,-12.3,-5.0,0.0,0.0,0.0,0.0
29.218,-13.3,-5.6,0.0,0.0,0.0,0.0
29.254,-14.5,-6.7,0.0,0.0,0.0,0.0
29.275,-14.9,-6.9,0.0,0.0,0.0,0.0
29.296,-15.0,-6.5,0.0,0.0,0.0,0.0
29.317,-14.8,-5.8,0.0,0.0,0.0,0.0
29.338,-14.3,-5.3,0.0,0.0,0.0,0.0
29.374,-13.0,-5.0,0.0,0.0,0.0,0.0
29.395,-11.9,-4.4,0.0,0.0,0.0,0.0
29.416,-10.4,-3.6,0.0,0.0,0.0,0.0
29.437,-8.8,-2.8,0.0,0.0,0.0,0.0
29.458,-7.1,-2.2,0.0,0.0,0.0,0.0
29.494,-4.6,-1.5,0.0,0.0,0.0,0.0
29.515,-3.5,-1.1,0.0,0.0,0.0,0.0
29.536,-2.8,-0.9,0.0,0.0,0.0,0.0
29.557,-2.1,-0.7,0.0,0.0,0.0,0.0
29.578,-1.6,-0.5,0.0,0.0,0.0,0.0
29.614,-1.0,-0.3,0.0,0.0,0.0,0.0
29.635,-0.8,-0.2,0.0,0.0,0.0,0.0
29.656,-0.5,-0.1,0.0,0.0,0.0,0.0
29.677,-0.3,-0.1,0.0,0.0,0.0,0.0
29.698,-0.2,-0.1,0.0,0.0,0.0,0.0
29.733,-0.1,0.0,0.0,0.0,0.0,0.0
29.754,-0.1,0.0,0.0,0.0,0.0,0.0
29.775,-0.1,0.0,0.0,0.0,0.0,0.0
29.796,-0.1,0.0,0.0,0.0,0.0,0.0
29.817,-0.1,0.0,0.0,0.0,0.0,0.0
29.852,0.0,0.0,0.0,0.0,0.0,0.0
29.873,0.0,-0.1,0.0,0.0,0.0,0.0
29.894,-0.1,-0.1,0.0,0.0,0.0,0.0
29.915,-0.1,-0.1,0.0,0.0,0.0,0.0
29.936,-0.1,-0.1,0.0,0.0,0.0,0.0
29.971,0.0,-0.1,0.0,0.0,0.0,0.0
29.992,0.0,-0.1,0.0,0.0,0.0,0.0
30.013,0.0,-0.1,0.0,0.0,0.0,0.0
30.034,0.0,-0.1,0.0,0.0,0.0,0.0
30.055,0.0,0.0,0.0,0.0,0.0,0.0
30.091,0.0,-0.1,0.0,0.0,0.0,0.0
30.112,0.0,-0.1,0.0,0.0,0.0,0.0
30.133,0.0,-0.1,0.0,0.0,0.0,0.0
30.154,-0.1,-0.1,0.0,0.0,0.0,0.0
30.175,0.0,-0.1,0.0,0.0,0.0,0.0
30.21,-0.1,-0.1,0.0,0.0,0.0,0.0
30.231,-0.1,-0.1,0.0,0.0,0.0,0.0
30.252,-0.1,0.0,0.0,0.0,0.0,0.0
30.273,-0.1,0.0,0.0,0.0,0.0,0.0
30.294,-0.2,-0.1,0.0,0.0,0.0,0.0
30.329,-0.3,-0.2,0.0,0.0,0.0,0.0
30.35,-0.2,-0.3,0.0,0.0,0.0,0.0
30.371,-0.2,-0.5,0.0,0.0,0.0,0.0
30.392,-0.2,-0.6,0.0,0.0,0.0,0.0
30.413,-0.1,-0.6,0.0,0.0,0.0,0.0
30.448,-0.1,-0.4,0.0,0.0,0.0,0.0
30.469,0.0,-0.4,0.0,0.0,0.0,0.0
30.49,0.2,-0.7,0.0,0.0,0.0,0.0
30.511,0.2,-1.2,0.0,0.0,0.0,0.0
30.532,0.1,-2.1,0.0,0.0,0.0,0.0
30.567,0.1,-3.9,0.0,0.0,0.0,0.0
30.588,0.0,-5.1,0.0,0.0,0.0,0.0
30.609,0.0,-6.2,0.0,0.0,0.0,0.0
30.63,0.1,-7.2,0.0,0.0,0.0,0.0
30.651,0.1,-8.3,0.0,0.0,0.0,0.0
30.687,0.0,-10.0,0.0,0.0,0.0,0.0
30.708,0.0,-10.9,0.0,0.0,0.0,0.0
30.729,-0.1,-11.7,0.0,0.0,0.0,0.0
30.75,-0.1,-12.6,0.0,0.0,0.0,0.0
30.771,-0.1,-13.3,0.0,0.0,0.0,0.0
30.806,-0.1,-14.0,0.0,0.0,0.0,0.0
30.827,-0.1,-14.3,0.0,0.0,0.0,0.0
30.848,0.0,-14.5,0.0,0.0,0.0,0.0
30.869,0.0,-14.3,0.0,0.0,0.0,0.0
30.89,0.0,-14.0,0.0,0.0,0.0,0.0
30.925,0.0,-13.0,0.0,0.0,0.0,0.0
30.946,0.0,-11.9,0.0,0.0,0.0,0.0
30.967,0.0,-10.5,0.0,0.0,0.0,0.0
30.988,0.0,-8.7,0.0,0.0,0.0,0.0
31.009,0.0,-6.8,0.0,0.0,0.0,0.0
31.044,0.0,-4.3,0.0,0.0,0.0,0.0
31.065,0.0,-3.3,0.0,0.0,0.0,0.0
31.086,0.0,-2.5,0.0,0.0,0.0,0.0
31.107,0.0,-1.9,0.0,0.0,0.0,0.0
31.128,0.0,-1.5,0.0,0.0,0.0,0.0
31.163,0.0,-0.9,0.0,0.0,0.0,0.0
31.185,0.0,-0.7,0.0,0.0,0.0,0.0
31.206,0.0,-0.5,0.0,0.0,0.0,0.0
31.227,0.0,-0.4,0.0,0.0,0.0,0.0
31.248,0.0,-0.3,0.0,0.0,0.0,0.0
31.282,0.0,-0.2,0.0,0.0,0.0,0.0
31.303,0.0,-0.2,0.0,0.0,0.0,0.0
31.324,0.0,-0.1,0.0,0.0,0.0,0.0
31.345,0.0,-0.1,0.0,0.0,0.0,0.0
31.366,0.0,-0.1,0.0,0.0,0.0,0.0
31.401,0.0,-0.1,0.0,0.0,0.0,0.0
31.422,0.0,-0.1,0.0,0.0,0.0,0.0
31.443,0.0,-0.1,0.0,0.0,0.0,0.0
31.464,0.0,0.0,0.0,0.0,0.0,0.0
31.485,0.0,0.0,0.0,0.0,0.0,0.0
31.519,0.0,0.0,0.0,0.0,0.0,0.0
31.54,0.0,0.0,0.0,0.0,0.0,0.0
31.561,0.0,0.0,0.0,0.0,0.0,0.0
31.582,0.0,0.0,0.0,0.0,0.0,0.0
31.603,0.0,0.0,0.0,0.0,0.0,0.0
31.639,0.0,0.0,0.0,0.0,0.0,0.0
31.66,0.0,0.0,0.0,0.0,0.0,0.0
31.681,0.0,0.0,0.0,0.0,0.0,0.0
31.702,0.0,0.0,0.0,0.0,0.0,0.0
31.723,0.0,0.0,0.0,0.0,0.0,0.0
31.758,0.0,0.0,0.0,0.0,0.0,0.0
31.779,0.0,0.0,0.0,0.0,0.0,0.0
31.8,0.0,0.0,0.0,0.0,0.0,0.0
31.821,0.0,0.0,0.0,0.0,0.0,0.0
31.842,0.0,0.0,0.0,0.0,0.0,0.0
31.878,0.0,0.0,0.0,0.0,0.0,0.0
31.899,0.0,0.0,0.0,0.0,0.0,0.0
31.92,0.0,0.0,0.0,0.0,0.0,0.0
31.941,0.0,0.0,0.0,0.0,0.0,0.0
31.962,0.0,0.0,0.0,0.0,0.0,0.0
31.997,0.0,0.0,0.0,0.0,0.0,0.0
32.019,0.0,0.0,0.0,0.0,0.0,0.0
32.04,0.0,0.0,0.0,0.0,0.0,0.0
32.061,0.0,0.0,0.0,0.0,0.0,0.0
32.082,0.0,0.0,0.0,0.0,0.0,0.0
32.117,0.0,0.0,0.0,0.0,0.0,0.0
32.138,0.0,0.0,0.0,0.0,0.0,0.0
32.159,0.0,0.0,0.0,0.0,0.0,0.0
32.18,0.0,0.0,0.0,0.0,0.0,0.0
32.201,0.0,0.0,0.0,0.0,0.0,0.0
32.237,0.0,0.0,0.0,0.0,0.0,0.0
32.258,0.0,0.0,0.0,0.0,0.0,0.0
32.279,0.0,0.0,0.0,0.0,0.0,0.0
32.3,0.0,0.0,0.0,0.0,0.0,0.0
32.321,0.0,0.0,0.0,0.0,0.0,0.0
32.358,0.0,0.0,0.0,0.0,0.0,0.0
32.379,0.0,0.0,0.0,0.0,0.0,0.0
32.4,0.0,0.0,0.0,0.0,0.0,0.0
32.421,0.0,0.0,0.0,0.0,0.0,0.0
32.442,0.0,0.0,0.0,0.0,0.0,0.0
32.477,0.0,0.0,0.0,0.0,0.0,0.0
32.499,0.0,0.0,0.0,0.0,0.0,0.0
32.52,0.0,0.0,0.0,0.0,0.0,0.0
32.541,0.0,0.0,0.0,0.0,0.0,0.0
32.562,0.0,0.0,0.0,0.0,0.0,0.0
32.597,0.0,0.0,0.0,0.0,0.0,0.0
32.618,0.0,0.0,0.0,0.0,0.0,0.0
32.639,0.0,0.0,0.0,0.0,0.0,0.0
32.66,0.0,0.0,0.0,0.0,0.0,0.0
32.681,0.0,0.0,0.0,0.0,0.0,0.0
32.716,0.0,0.0,0.0,0.0,0.0,0.0
32.737,0.0,0.0,0.0,0.0,0.0,0.0
32.758,0.0,0.0,0.0,0.0,0.0,0.0
32.779,0.0,0.0,0.0,0.0,0.0,0.0
32.8,0.0,0.0,0.0,0.0,0.0,0.0
32.833,0.0,0.0,0.0,0.0,0.0,0.0
32.854,0.0,0.0,0.0,0.0,0.0,0.0
32.875,0.0,0.0,0.0,0.0,0.0,0.0
32.896,0.0,0.0,0.0,0.0,0.0,0.0
32.917,0.0,0.0,0.0,0.0,0.0,0.0
32.956,0.0,0.0,0.0,0.0,0.0,0.0
32.977,0.0,0.0,0.0,0.0,0.0,0.0
32.998,0.0,0.0,0.0,0.0,0.0,0.0
33.019,0.0,0.0,0.0,0.0,0.0,0.0
33.052,0.0,0.0,0.0,0.0,0.0,0.0
33.073,0.0,0.0,0.0,0.0,0.0,0.0
33.094,0.0,0.0,0.0,0.0,0.0,0.0
33.116,0.0,0.0,0.0,0.0,0.0,0.0
33.137,0.0,0.0,0.0,0.0,0.0,0.0
33.172,0.0,0.0,0.0,0.0,0.0,0.0
33.193,0.0,0.0,0.0,0.0,0.0,0.0
33.214,0.0,0.0,0.0,0.0,0.0,0.0
33.235,0.0,0.0,0.0,0.0,0.0,0.0
33.256,0.0,0.0,0.0,0.0,0.0,0.0
33.291,0.0,0.0,0.0,0.0,0.0,0.0
33.312,0.0,0.0,0.0,0.0,0.0,0.0
33.333,0.0,0.0,0.0,0.0,0.0,0.0
33.354,0.0,0.0,0.0,0.0,0.0,0.0
33.375,0.0,0.0,0.0,0.0,0.0,0.0
33.41,0.0,0.0,0.0,0.0,0.0,0.0
33.431,0.0,0.0,0.0,0.0,0.0,0.0
33.452,0.0,0.0,0.0,0.0,0.0,0.0
33.473,0.0,0.0,0.0,0.0,0.0,0.0
33.494,0.0,0.0,0.0,0.0,0.0,0.0
33.529,0.0,0.0,0.0,0.0,0.0,0.0
33.55,0.0,0.0,0.0,0.0,0.0,0.0
33.571,0.0,0.0,0.0,0.0,0.0,0.0
33.592,0.0,0.0,0.0,0.0,0.0,0.0
33.613,0.0,0.0,0.0,0.0,0.0,0.0
33.648,0.0,0.0,0.0,0.0,0.0,0.0
33.669,0.0,0.0,0.0,0.0,0.0,0.0
33.69,0.0,0.0,0.0,0.0,0.0,0.0
33.711,0.0,0.0,0.0,0.0,0.0,0.0
33.732,0.0,0.0,0.0,0.0,0.0,0.0
33.766,0.0,0.0,0.0,0.0,0.0,0.0
33.787,0.0,0.0,0.0,0.0,0.0,0.0
33.808,0.0,0.0,0.0,0.0,0.0,0.0
33.83,0.0,0.0,0.0,0.0,0.0,0.0
33.85,0.0,0.0,0.0,0.0,0.0,0.0
33.886,0.0,0.0,0.0,0.0,0.0,0.0
33.907,0.0,0.0,0.0,0.0,0.0,0.0
33.928,0.0,0.0,0.0,0.0,0.0,0.0
33.949,0.0,0.0,0.0,0.0,0.0,0.0
33.97,0.0,0.0,0.0,0.0,0.0,0.0
34.005,0.0,0.0,0.0,0.0,0.0,0.0
34.026,0.0,0.0,0.0,0.0,0.0,0.0
34.047,0.0,0.0,0.0,0.0,0.0,0.0
34.068,0.0,0.0,0.0,0.0,0.0,0.0
34.089,0.0,0.0,0.0,0.0,0.0,0.0
34.124,0.0,0.0,0.0,0.0,0.0,0.0
34.145,0.0,0.0,0.0,0.0,0.0,0.0
34.166,0.0,0.0,0.0,0.0,0.0,0.0
34.187,0.0,0.0,0.0,0.0,0.0,0.0
34.208,0.0,0.0,0.0,0.0,0.0,0.0
34.243,0.0,0.0,0.0,0.0,0.0,0.0
34.264,0.0,0.0,0.0,0.0,0.0,0.0
34.285,0.0,0.0,0.0,0.0,0.0,0.0
34.306,0.0,0.0,0.0,0.0,0.0,0.0
34.327,0.0,0.0,0.0,0.0,0.0,0.0
34.362,0.0,0.0,0.0,0.0,0.0,0.0
34.383,0.0,0.0,0.0,0.0,0.0,0.0
34.404,0.0,0.0,0.0,0.0,0.0,0.0
34.425,0.0,0.0,0.0,0.0,0.0,0.0
34.446,0.0,0.0,0.0,0.0,0.0,0.0
34.481,0.0,0.0,0.0,0.0,0.0,0.0
34.502,0.0,0.0,0.0,0.0,0.0,0.0
34.523,0.0,0.0,0.0,0.0,0.0,0.0
34.544,0.0,0.0,0.0,0.0,0.0,0.0
34.565,0.0,0.0,0.0,0.0,0.0,0.0
34.601,0.0,0.0,0.0,0.0,0.0,0.0
34.622,0.0,0.0,0.0,0.0,0.0,0.0
34.643,0.0,0.0,0.0,0.0,0.0,0.0
34.664,0.0,0.0,0.0,0.0,0.0,0.0
34.685,0.0,0.0,0.0,0.0,0.0,0.0
34.72,0.0,0.0,0.0,0.0,0.0,0.0
34.741,0.0,0.0,0.0,0.0,0.0,0.0
34.762,0.0,0.0,0.0,0.0,0.0,0.0
34.783,0.0,0.0,0.0,0.0,0.0,0.0
34.804,0.0,0.0,0.0,0.0,0.0,0.0
34.839,0.0,0.0,0.0,0.0,0.0,0.0
34.86,0.0,0.0,0.0,0.0,0.0,0.0
34.881,0.0,0.0,0.0,0.0,0.0,0.0
34.902,0.0,0.0,0.0,0.0,0.0,0.0
34.923,0.0,0.0,0.0,0.0,0.0,0.0
34.958,0.0,0.0,0.0,0.0,0.0,0.0
34.979,0.0,0.0,0.0,0.0,0.0,0.0
35.0,0.0,0.0,0.0,0.0,0.0,0.0
35.021,0.0,0.0,0.0,0.0,0.0,0.0
35.042,0.0,0.0,0.0,0.0,0.0,0.0
35.078,0.0,0.0,0.0,0.0,0.0,0.0
35.099,0.0,0.0,0.0,0.0,0.0,0.0
35.12,0.0,0.0,0.0,0.0,0.0,0.0
35.141,0.0,0.0,0.0,0.0,0.0,0.0
35.162,0.0,0.0,0.0,0.0,0.0,0.0
35.197,0.0,0.0,0.0,0.0,0.0,0.0
35.218,0.0,0.0,0.0,0.0,0.0,0.0
35.239,0.0,0.0,0.0,0.0,0.0,0.0
35.26,0.0,0.0,0.0,0.0,0.0,0.0
35.281,0.0,0.0,0.0,0.0,0.0,0.0
35.316,0.0,0.0,0.0,0.0,0.0,0.0
35.337,0.0,0.0,0.0,0.0,0.0,0.0
35.358,0.0,0.0,0.0,0.0,0.0,0.0
35.379,0.0,0.0,0.0,0.0,0.0,0.0
35.4,0.0,0.0,0.0,0.0,0.0,0.0
35.435,0.0,0.0,0.0,0.0,0.0,0.0
35.456,0.0,0.0,0.0,0.0,0.0,0.0
35.477,0.0,0.0,0.0,0.0,0.0,0.0
35.498,0.0,0.0,0.0,0.0,0.0,0.0
35.519,0.0,0.0,0.0,0.0,0.0,0.0
35.556,0.0,0.0,0.0,0.0,0.0,0.0
35.577,0.0,0.0,0.0,0.0,0.0,0.0
35.598,0.0,0.0,0.0,0.0,0.0,0.0
35.619,0.0,0.0,0.0,0.0,0.0,0.0
35.64,0.0,0.0,0.0,0.0,0.0,0.0
35.675,0.0,0.0,0.0,0.0,0.0,0.0
35.696,0.0,0.0,0.0,0.0,0.0,0.0
35.717,0.0,0.0,0.0,0.0,0.0,0.0
35.738,0.0,0.0,0.0,0.0,0.0,0.0
35.759,0.0,0.0,0.0,0.0,0.0,0.0
35.795,0.0,0.0,0.0,0.0,0.0,0.0
35.816,0.0,0.0,0.0,0.0,0.0,0.0
35.837,0.0,0.0,0.0,0.0,0.0,0.0
35.858,0.0,0.0,0.0,0.0,0.0,0.0
35.879,0.0,0.0,0.0,0.0,0.0,0.0
35.914,0.0,0.0,0.0,0.0,0.0,0.0
35.935,0.0,0.0,0.0,0.0,0.0,0.0
35.956,0.0,0.0,0.0,0.0,0.0,0.0
35.977,0.0,0.0,0.0,0.0,0.0,0.0
35.998,0.0,0.0,0.0,0.0,0.0,0.0
36.033,0.0,0.0,0.0,0.0,0.0,0.0
36.054,0.0,0.0,0.0,0.0,0.0,0.0
36.075,0.0,0.0,0.0,0.0,0.0,0.0
36.096,0.0,0.0,0.0,0.0,0.0,0.0
36.117,0.0,0.0,0.0,0.0,0.0,0.0
36.153,0.0,0.0,0.0,0.0,0.0,0.0
36.174,0.0,0.0,0.0,0.0,0.0,0.0
36.195,0.0,0.0,0.0,0.0,0.0,0.0
36.216,0.0,0.0,0.0,0.0,0.0,0.0
36.237,0.0,0.0,0.0,0.0,0.0,0.0
36.272,0.0,0.0,0.0,0.0,0.0,0.0
36.293,0.0,0.0,0.0,0.0,0.0,0.0
36.314,0.0,0.0,0.0,0.0,0.0,0.0
36.335,0.0,0.0,0.0,0.0,0.0,0.0
36.356,0.0,0.0,0.0,0.0,0.0,0.0
36.39,0.0,0.0,0.0,0.0,0.0,0.0
36.411,0.0,0.0,0.0,0.0,0.0,0.0
36.432,0.0,0.0,0.0,0.0,0.0,0.0
36.453,0.0,0.0,0.0,0.0,0.0,0.0
36.474,0.0,0.0,0.0,0.0,0.0,0.0
36.509,0.0,0.0,0.0,0.0,0.0,0.0
36.53,0.0,0.0,0.0,0.0,0.0,0.0
36.551,0.0,0.0,0.0,0.0,0.0,0.0
36.572,0.0,0.0,0.0,0.0,0.0,0.0
36.593,0.0,0.0,0.0,0.0,0.0,0.0
36.627,0.0,0.0,0.0,0.0,0.0,0.0
36.648,0.0,0.0,0.0,0.0,0.0,0.0
36.669,0.0,0.0,0.0,0.0,0.0,0.0
36.69,0.0,0.0,0.0,0.0,0.0,0.0
36.711,0.0,0.0,0.0,0.0,0.0,0.0
36.747,0.0,0.0,0.0,0.0,0.0,0.0
36.768,0.0,0.0,0.0,0.0,0.0,0.0
36.789,0.0,0.0,0.0,0.0,0.0,0.0
36.81,0.0,0.0,0.0,0.0,0.0,0.0
36.831,0.0,0.0,0.0,0.0,0.0,0.0
36.865,0.0,0.0,0.0,0.0,0.0,0.0
36.886,0.0,0.0,0.0,0.0,0.0,0.0
36.907,0.0,0.0,0.0,0.0,0.0,0.0
36.928,0.0,0.0,0.0,0.0,0.0,0.0
36.95,0.0,0.0,0.0,0.0,0.0,0.0
36.985,0.0,0.0,0.0,0.0,0.0,0.0
37.006,0.0,0.0,0.0,0.0,0.0,0.0
37.027,0.0,0.0,0.0,0.0,0.0,0.0
37.048,0.0,0.0,0.0,0.0,0.0,0.0
37.069,0.0,0.0,0.0,0.0,0.0,0.0
37.105,0.0,0.0,0.0,0.0,0.0,0.0
37.125,0.0,0.0,0.0,0.0,0.0,0.0
37.146,0.0,0.0,0.0,0.0,0.0,0.0
37.167,0.0,0.0,0.0,0.0,0.0,0.0
37.188,0.0,0.0,0.0,0.0,0.0,0.0
37.225,0.0,0.0,0.0,0.0,0.0,0.0
37.246,0.0,0.0,0.0,0.0,0.0,0.0
37.267,0.0,0.0,0.0,0.0,0.0,0.0
37.288,0.0,0.0,0.0,0.0,0.0,0.0
37.309,0.0,0.0,0.0,0.0,0.0,0.0
37.344,0.0,0.0,0.0,0.0,0.0,0.0
37.365,0.0,0.0,0.0,0.0,0.0,0.0
37.386,0.0,0.0,0.0,0.0,0.0,0.0
37.407,0.0,0.0,0.0,0.0,0.0,0.0
37.428,0.0,0.0,0.0,0.0,0.0,0.0
37.463,0.0,0.0,0.0,0.0,0.0,0.0
37.484,0.0,0.0,0.0,0.0,0.0,0.0
37.505,0.0,0.0,0.0,0.0,0.0,0.0
37.526,0.0,0.0,0.0,0.0,0.0,0.0
37.547,0.0,0.0,0.0,0.0,0.0,0.0
37.583,0.0,0.0,0.0,0.0,0.0,0.0
37.604,0.0,0.0,0.0,0.0,0.0,0.0
37.625,0.0,0.0,0.0,0.0,0.0,0.0
37.646,0.0,0.0,0.0,0.0,0.0,0.0
37.667,0.0,0.0,0.0,0.0,0.0,0.0
37.701,0.0,0.0,0.0,0.0,0.0,0.0
37.722,0.0,0.0,0.0,0.0,0.0,0.0
37.743,0.0,0.0,0.0,0.0,0.0,0.0
37.764,0.0,0.0,0.0,0.0,0.0,0.0
37.785,0.0,0.0,0.0,0.0,0.0,0.0
37.821,0.0,0.0,0.0,0.0,0.0,0.0
37.842,0.0,0.0,0.0,0.0,0.0,0.0
37.863,0.0,0.0,0.0,0.0,0.0,0.0
37.884,0.0,0.0,0.0,0.0,0.0,0.0
37.905,0.0,0.0,0.0,0.0,0.0,0.0
37.94,0.0,0.0,0.0,0.0,0.0,0.0
37.961,0.0,0.0,0.0,0.0,0.0,0.0
37.982,0.0,0.0,0.0,0.0,0.0,0.0
38.003,0.0,0.0,0.0,0.0,0.0,0.0
38.024,0.0,0.0,0.0,0.0,0.0,0.0
38.059,0.0,0.0,0.0,0.0,0.0,0.0
38.08,0.0,0.0,0.0,0.0,0.0,0.0
38.101,0.0,0.0,0.0,0.0,0.0,0.0
38.122,0.0,0.0,0.0,0.0,0.0,0.0
38.143,0.0,0.0,0.0,0.0,0.0,0.0
38.179,0.0,0.0,0.0,0.0,0.0,0.0
38.2,0.0,0.0,0.0,0.0,0.0,0.0
38.221,0.0,0.0,0.0,0.0,0.0,0.0
38.242,0.0,0.0,0.0,0.0,0.0,0.0
38.263,0.0,0.0,0.0,0.0,0.0,0.0
38.298,0.0,0.0,0.0,0.0,0.0,0.0
38.319,0.0,0.0,0.0,0.0,0.0,0.0
38.34,0.0,0.0,0.0,0.0,0.0,0.0
38.361,0.0,0.0,0.0,0.0,0.0,0.0
38.382,0.0,0.0,0.0,0.0,0.0,0.0
38.417,0.0,0.0,0.0,0.0,0.0,0.0
38.438,0.0,0.0,0.0,0.0,0.0,0.0
38.459,0.0,0.0,0.0,0.0,0.0,0.0
38.48,0.0,0.0,0.0,0.0,0.0,0.0
38.501,0.0,0.0,0.0,0.0,0.0,0.0
38.536,0.0,0.0,0.0,0.0,0.0,0.0
38.557,0.0,0.0,0.0,0.0,0.0,0.0
38.578,0.0,0.0,0.0,0.0,0.0,0.0
38.599,0.0,0.0,0.0,0.0,0.0,0.0
38.62,0.0,0.0,0.0,0.0,0.0,0.0
38.655,0.0,0.0,0.0,0.0,0.0,0.0
38.677,0.0,0.0,0.0,0.0,0.0,0.0
38.698,0.0,0.0,0.0,0.0,0.0,0.0
38.719,0.0,0.0,0.0,0.0,0.0,0.0
38.74,0.0,0.0,0.0,0.0,0.0,0.0
38.775,0.0,0.0,0.0,0.0,0.0,0.0
38.796,0.0,0.0,0.0,0.0,0.0,0.0
38.817,0.0,0.0,0.0,0.0,0.0,0.0
38.838,0.0,0.0,0.0,0.0,0.0,0.0
38.859,0.0,0.0,0.0,0.0,0.0,0.0
38.892,0.0,0.0,0.0,0.0,0.0,0.0
38.913,0.0,0.0,0.0,0.0,0.0,0.0
38.934,0.0,0.0,0.0,0.0,0.0,0.0
38.955,0.0,0.0,0.0,0.0,0.0,0.0
38.976,0.0,0.0,0.0,0.0,0.0,0.0
39.013,0.0,0.0,0.0,0.0,0.0,0.0
39.034,0.0,0.0,0.0,0.0,0.0,0.0
39.055,0.0,0.0,0.0,0.0,0.0,0.0
39.076,0.0,0.0,0.0,0.0,0.0,0.0
39.097,0.0,0.0,0.0,0.0,0.0,0.0
39.125,0.0,0.0,0.0,0.0,0.0,0.0
39.146,0.0,0.0,0.0,0.0,0.0,0.0
39.167,0.0,0.0,0.0,0.0,0.0,0.0
39.188,0.0,0.0,0.0,0.0,0.0,0.0
39.208,0.0,0.0,0.0,0.0,0.0,0.0
39.244,0.0,0.0,0.0,0.0,0.0,0.0
39.265,0.0,0.0,0.0,0.0,0.0,0.0
39.286,0.0,0.0,0.0,0.0,0.0,0.0
39.307,0.0,0.0,0.0,0.0,0.0,0.0
39.328,0.0,0.0,0.0,0.0,0.0,0.0
39.365,0.0,0.0,0.0,0.0,0.0,0.0
39.386,0.0,0.0,0.0,0.0,0.0,0.0
39.407,0.0,0.0,0.0,0.0,0.0,0.0
39.428,0.0,0.0,0.0,0.0,0.0,0.0
39.449,0.0,0.0,0.0,0.0,0.0,0.0
39.482,0.0,0.0,0.0,0.0,0.0,0.0
39.503,0.0,0.0,0.0,0.0,0.0,0.0
39.524,0.0,0.0,0.0,0.0,0.0,0.0
39.545,0.0,0.0,0.0,0.0,0.0,0.0
39.566,0.0,0.0,0.0,0.0,0.0,0.0
39.595,0.0,0.0,0.0,0.0,0.0,0.0
39.616,0.0,0.0,0.0,0.0,0.0,0.0
39.637,0.0,0.0,0.0,0.0,0.0,0.0
39.658,0.0,0.0,0.0,0.0,0.0,0.0
39.679,0.0,0.0,0.0,0.0,0.0,0.0
39.716,0.0,0.0,0.0,0.0,0.0,0.0
39.737,0.0,0.0,0.0,0.0,0.0,0.0
39.758,0.0,0.0,0.0,0.0,0.0,0.0
39.779,0.0,0.0,0.0,0.0,0.0,0.0
39.813,0.0,0.0,0.0,0.0,0.0,0.0
39.834,0.0,0.0,0.0,0.0,0.0,0.0
39.855,0.0,0.0,0.0,0.0,0.0,0.0
39.876,0.0,0.0,0.0,0.0,0.0,0.0
39.897,0.0,0.0,0.0,0.0,0.0,0.0
39.93,0.0,0.0,0.0,0.0,0.0,0.0
39.951,0.0,0.0,0.0,0.0,0.0,0.0
39.972,0.0,0.0,0.0,0.0,0.0,0.0
39.993,0.0,0.0,0.0,0.0,0.0,0.0
40.014,0.0,0.0,0.0,0.0,0.0,0.0
40.052,0.0,0.0,0.0,0.0,0.0,0.0
40.073,0.0,0.0,0.0,0.0,0.0,0.0
40.094,0.0,0.0,0.0,0.0,0.0,0.0
40.115,0.0,0.0,0.0,0.0,0.0,0.0
40.151,0.0,0.0,0.0,0.0,0.0,0.0
40.172,0.0,0.0,0.0,0.0,0.0,0.0
40.193,0.0,0.0,0.0,0.0,0.0,0.0
40.214,0.0,0.0,0.0,0.0,0.0,0.0
40.235,0.0,0.0,0.0,0.0,0.0,0.0
40.269,0.0,0.0,0.0,0.0,0.0,0.0
40.291,0.0,0.0,0.0,0.0,0.0,0.0
40.312,0.0,0.0,0.0,0.0,0.0,0.0
40.333,0.0,0.0,0.0,0.0,0.0,0.0
40.354,0.0,0.0,0.0,0.0,0.0,0.0
40.389,0.0,0.0,0.0,0.0,0.0,0.0
40.41,0.0,0.0,0.0,0.0,0.0,0.0
40.431,0.0,0.0,0.0,0.0,0.0,0.0
40.452,0.0,0.0,0.0,0.0,0.0,0.0
40.473,0.0,0.0,0.0,0.0,0.0,0.0
40.509,0.0,0.0,0.0,0.0,0.0,0.0
40.53,0.0,0.0,0.0,0.0,0.0,0.0
40.551,0.0,0.0,0.0,0.0,0.0,0.0
40.572,0.0,0.0,0.0,0.0,0.0,0.0
40.593,0.0,0.0,0.0,0.0,0.0,0.0
40.628,0.0,0.0,0.0,0.0,0.0,0.0
40.649,0.0,0.0,0.0,0.0,0.0,0.0
40.67,0.0,0.0,0.0,0.0,0.0,0.0
40.691,0.0,0.0,0.0,0.0,0.0,0.0
40.712,0.0,0.0,0.0,0.0,0.0,0.0
40.749,0.0,0.0,0.0,0.0,0.0,0.0
40.77,0.0,0.0,0.0,0.0,0.0,0.0
40.791,0.0,0.0,0.0,0.0,0.0,0.0
40.812,0.0,0.0,0.0,0.0,0.0,0.0
40.833,0.0,0.0,0.0,0.0,0.0,0.0
40.871,0.0,0.0,0.0,0.0,0.0,0.0
40.892,0.0,0.0,0.0,0.0,0.0,0.0
40.913,0.0,0.0,0.0,0.0,0.0,0.0
40.934,0.0,0.0,0.0,0.0,0.0,0.0
40.969,0.0,0.0,0.0,0.0,0.0,0.0
40.99,0.0,0.0,0.0,0.0,0.0,0.0
41.011,0.0,0.0,0.0,0.0,0.0,0.0
41.033,0.0,0.0,0.0,0.0,0.0,0.0
41.054,0.0,0.0,0.0,0.0,0.0,0.0
41.088,0.0,0.0,0.0,0.0,0.0,0.0
41.109,0.0,0.0,0.0,0.0,0.0,0.0
41.13,0.0,0.0,0.0,0.0,0.0,0.0
41.151,0.0,0.0,0.0,0.0,0.0,0.0
41.172,0.0,0.0,0.0,0.0,0.0,0.0
41.21,0.0,0.0,0.0,0.0,0.0,0.0
41.231,0.0,0.0,0.0,0.0,0.0,0.0
41.252,0.0,0.0,0.0,0.0,0.0,0.0
41.273,0.0,0.0,0.0,0.0,0.0,0.0
41.306,0.0,0.0,0.0,0.0,0.0,0.0
41.327,0.0,0.0,0.0,0.0,0.0,0.0
41.348,0.0,0.0,0.0,0.0,0.0,0.0
41.369,0.0,0.0,0.0,0.0,0.0,0.0
41.39,0.0,0.0,0.0,0.0,0.0,0.0
41.428,0.0,0.0,0.0,0.0,0.0,0.0
41.449,0.0,0.0,0.0,0.0,0.0,0.0
41.47,0.0,0.0,0.0,0.0,0.0,0.0
41.491,0.0,0.0,0.0,0.0,0.0,0.0
41.525,0.0,0.0,0.0,0.0,0.0,0.0
41.546,0.0,0.0,0.0,0.0,0.0,0.0
41.567,0.0,0.0,0.0,0.0,0.0,0.0
41.588,0.0,0.0,0.0,0.0,0.0,0.0
41.609,0.0,0.0,0.0,0.0,0.0,0.0
41.644,0.0,0.0,0.0,0.0,0.0,0.0
41.665,0.0,0.0,0.0,0.0,0.0,0.0
41.686,0.0,0.0,0.0,0.0,0.0,0.0
41.707,0.0,0.0,0.0,0.0,0.0,0.0
41.728,0.0,0.0,0.0,0.0,0.0,0.0
41.763,0.0,0.0,0.0,0.0,0.0,0.0
41.784,0.0,0.0,0.0,0.0,0.0,0.0
41.805,0.0,0.0,0.0,0.0,0.0,0.0
41.826,0.0,0.0,0.0,0.0,0.0,0.0
41.847,0.0,0.0,0.0,0.0,0.0,0.0
41.883,0.0,0.0,0.0,0.0,0.0,0.0
41.904,0.0,0.0,0.0,0.0,0.0,0.0
41.925,0.0,0.0,0.0,0.0,0.0,0.0
41.946,0.0,0.0,0.0,0.0,0.0,0.0
41.967,0.0,0.0,0.0,0.0,0.0,0.0
42.002,0.0,0.0,0.0,0.0,0.0,0.0
42.023,0.0,0.0,0.0,0.0,0.0,0.0
42.044,0.0,0.0,0.0,0.0,0.0,0.0
42.065,0.0,0.0,0.0,0.0,0.0,0.0
42.086,0.0,0.0,0.0,0.0,0.0,0.0
42.121,0.0,0.0,0.0,0.0,0.0,0.0
42.142,0.0,0.0,0.0,0.0,0.0,0.0
42.163,0.0,0.0,0.0,0.0,0.0,0.0
42.184,0.0,0.0,0.0,0.0,0.0,0.0
42.205,0.0,0.0,0.0,0.0,0.0,0.0
42.24,0.0,0.0,0.0,0.0,0.0,0.0
42.261,0.0,0.0,0.0,0.0,0.0,0.0
42.282,0.0,0.0,0.0,0.0,0.0,0.0
42.303,0.0,0.0,0.0,0.0,0.0,0.0
42.324,0.0,0.0,0.0,0.0,0.0,0.0
42.359,0.0,0.0,0.0,0.0,0.0,0.0
42.38,0.0,0.0,0.0,0.0,0.0,0.0
42.401,0.0,0.0,0.0,0.0,0.0,0.0
42.422,0.0,0.0,0.0,0.0,0.0,0.0
42.443,0.0,0.0,0.0,0.0,0.0,0.0
42.479,0.0,0.0,0.0,0.0,0.0,0.0
42.5,0.0,0.0,0.0,0.0,0.0,0.0
42.521,0.0,0.0,0.0,0.0,0.0,0.0
42.542,0.0,0.0,0.0,0.0,0.0,0.0
42.563,0.0,0.0,0.0,0.0,0.0,0.0
42.598,0.0,0.0,0.0,0.0,0.0,0.0
42.619,0.0,0.0,0.0,0.0,0.0,0.0
42.64,0.0,0.0,0.0,0.0,0.0,0.0
42.661,0.0,0.0,0.0,0.0,0.0,0.0
42.682,0.0,0.0,0.0,0.0,0.0,0.0
42.719,0.0,0.0,0.0,0.0,0.0,0.0
42.74,0.0,0.0,0.0,0.0,0.0,0.0
42.761,0.0,0.0,0.0,0.0,0.0,0.0
42.782,0.0,0.0,0.0,0.0,0.0,0.0
42.803,0.0,0.0,0.0,0.0,0.0,0.0
42.839,0.0,0.0,0.0,0.0,0.0,0.0
42.86,0.0,0.0,0.0,0.0,0.0,0.0
42.881,0.0,0.0,0.0,0.0,0.0,0.0
42.902,0.0,0.0,0.0,0.0,0.0,0.0
42.923,0.0,0.0,0.0,0.0,0.0,0.0
42.96,0.0,0.0,0.0,0.0,0.0,0.0
42.981,0.0,0.0,0.0,0.0,0.0,0.0
43.002,0.0,0.0,0.0,0.0,0.0,0.0
43.023,0.0,0.0,0.0,0.0,0.0,0.0
43.056,0.0,0.0,0.0,0.0,0.0,0.0
43.077,0.0,0.0,0.0,0.0,0.0,0.0
43.098,0.0,0.0,0.0,0.0,0.0,0.0
43.119,0.0,0.0,0.0,0.0,0.0,0.0
43.14,0.0,0.0,0.0,0.0,0.0,0.0
43.175,0.0,0.0,0.0,0.0,0.0,0.0
43.196,0.0,0.0,0.0,0.0,0.0,0.0
43.217,0.0,0.0,0.0,0.0,0.0,0.0
43.238,0.0,0.0,0.0,0.0,0.0,0.0
43.259,0.0,0.0,0.0,0.0,0.0,0.0
43.293,0.0,0.0,0.0,0.0,0.0,0.0
43.314,0.0,0.0,0.0,0.0,0.0,0.0
43.335,0.0,0.0,0.0,0.0,0.0,0.0
43.356,0.0,0.0,0.0,0.0,0.0,0.0
43.377,0.0,0.0,0.0,0.0,0.0,0.0
43.412,0.0,0.0,0.0,0.0,0.0,0.0
43.433,0.0,0.0,0.0,0.0,0.0,0.0
43.454,0.0,0.0,0.0,0.0,0.0,0.0
43.475,0.0,0.0,0.0,0.0,0.0,0.0
43.496,0.0,0.0,0.0,0.0,0.0,0.0
43.529,0.0,0.0,0.0,0.0,0.0,0.0
43.55,0.0,0.0,0.0,0.0,0.0,0.0
43.571,0.0,0.0,0.0,0.0,0.0,0.0
43.591,0.0,0.0,0.0,0.0,0.0,0.0
43.612,0.0,0.0,0.0,0.0,0.0,0.0
43.647,0.0,0.0,0.0,0.0,0.0,0.0
43.668,0.0,0.0,0.0,0.0,0.0,0.0
43.689,0.0,0.0,0.0,0.0,0.0,0.0
43.71,0.0,0.0,0.0,0.0,0.0,0.0
43.731,0.0,0.0,0.0,0.0,0.0,0.0
43.765,0.0,0.0,0.0,0.0,0.0,0.0
43.786,0.0,0.0,0.0,0.0,0.0,0.0
43.807,0.0,0.0,0.0,0.0,0.0,0.0
43.828,0.0,0.0,0.0,0.0,0.0,0.0
43.849,0.0,0.0,0.0,0.0,0.0,0.0
43.883,0.0,0.0,0.0,0.0,0.0,0.0
43.904,0.0,0.0,0.0,0.0,0.0,0.0
43.925,0.0,0.0,0.0,0.0,0.0,0.0
43.946,0.0,0.0,0.0,0.0,0.0,0.0
43.967,0.0,0.0,0.0,0.0,0.0,0.0
44.001,0.0,0.0,0.0,0.0,0.0,0.0
44.022,0.0,0.0,0.0,0.0,0.0,0.0
44.043,0.0,0.0,0.0,0.0,0.0,0.0
44.064,0.0,0.0,0.0,0.0,0.0,0.0
44.086,0.0,0.0,0.0,0.0,0.0,0.0
44.12,0.0,0.0,0.0,0.0,0.0,0.0
44.141,0.0,0.0,0.0,0.0,0.0,0.0
44.162,0.0,0.0,0.0,0.0,0.0,0.0
44.183,0.0,0.0,0.0,0.0,0.0,0.0
44.204,0.0,0.0,0.0,0.0,0.0,0.0
44.238,0.0,0.0,0.0,0.0,0.0,0.0
44.259,0.0,0.0,0.0,0.0,0.0,0.0
44.28,0.0,0.0,0.0,0.0,0.0,0.0
44.301,0.0,0.0,0.0,0.0,0.0,0.0
44.322,0.0,0.0,0.0,0.0,0.0,0.0
44.357,0.0,0.0,0.0,0.0,0.0,0.0
44.378,0.0,0.0,0.0,0.0,0.0,0.0
44.399,0.0,0.0,0.0,0.0,0.0,0.0
44.42,0.0,0.0,0.0,0.0,0.0,0.0
44.441,0.0,0.0,0.0,0.0,0.0,0.0
44.475,0.0,0.0,0.0,0.0,0.0,0.0
44.497,0.0,0.0,0.0,0.0,0.0,0.0
44.518,0.0,0.0,0.0,0.0,0.0,0.0
44.539,0.0,0.0,0.0,0.0,0.0,0.0
44.56,0.0,0.0,0.0,0.0,0.0,0.0
44.596,0.0,0.0,0.0,0.0,0.0,0.0
44.617,0.0,0.0,0.0,0.0,0.0,0.0
44.638,0.0,0.0,0.0,0.0,0.0,0.0
44.659,0.0,0.0,0.0,0.0,0.0,0.0
44.68,0.0,0.0,0.0,0.0,0.0,0.0
44.716,0.0,0.0,0.0,0.0,0.0,0.0
44.737,0.0,0.0,0.0,0.0,0.0,0.0
44.758,0.0,0.0,0.0,0.0,0.0,0.0
44.779,0.0,0.0,0.0,0.0,0.0,0.0
44.8,0.0,0.0,0.0,0.0,0.0,0.0
44.838,0.0,0.0,0.0,0.0,0.0,0.0
44.859,0.0,0.0,0.0,0.0,0.0,0.0
44.88,0.0,0.0,0.0,0.0,0.0,0.0
44.901,0.0,0.0,0.0,0.0,0.0,0.0
44.939,0.0,0.0,0.0,0.0,0.0,0.0
44.96,0.0,0.0,0.0,0.0,0.0,0.0
44.981,0.0,0.0,0.0,0.0,0.0,0.0
45.002,0.0,0.0,0.0,0.0,0.0,0.0
45.037,0.0,0.0,0.0,0.0,0.0,0.0
45.058,0.0,0.0,0.0,0.0,0.0,0.0
45.079,0.0,0.0,0.0,0.0,0.0,0.0
45.1,0.0,0.0,0.0,0.0,0.0,0.0
45.121,0.0,0.0,0.0,0.0,0.0,0.0
45.158,0.0,0.0,0.0,0.0,0.0,0.0
45.179,0.0,0.0,0.0,0.0,0.0,0.0
45.2,0.0,0.0,0.0,0.0,0.0,0.0
45.221,0.0,0.0,0.0,0.0,0.0,0.0
45.256,0.0,0.0,0.0,0.0,0.0,0.0
45.277,0.0,0.0,0.0,0.0,0.0,0.0
45.298,0.0,0.0,0.0,0.0,0.0,0.0
45.319,0.0,0.0,0.0,0.0,0.0,0.0
45.34,0.0,0.0,0.0,0.0,0.0,0.0
45.375,0.0,0.0,0.0,0.0,0.0,0.0
45.396,0.0,0.0,0.0,0.0,0.0,0.0
45.417,0.0,0.0,0.0,0.0,0.0,0.0
45.438,0.0,0.0,0.0,0.0,0.0,0.0
45.459,0.0,0.0,0.0,0.0,0.0,0.0
45.497,0.0,0.0,0.0,0.0,0.0,0.0
45.518,0.0,0.0,0.0,0.0,0.0,0.0
45.539,0.0,0.0,0.0,0.0,0.0,0.0
45.56,0.0,0.0,0.0,0.0,0.0,0.0
45.594,0.0,0.0,0.0,0.0,0.0,0.0
45.615,0.0,0.0,0.0,0.0,0.0,0.0
45.636,0.0,0.0,0.0,0.0,0.0,0.0
45.657,0.0,0.0,0.0,0.0,0.0,0.0
45.678,0.0,0.0,0.0,0.0,0.0,0.0
45.713,0.0,0.0,0.0,0.0,0.0,0.0
45.734,0.0,0.0,0.0,0.0,0.0,0.0
45.755,0.0,0.0,0.0,0.0,0.0,0.0
45.776,0.0,0.0,0.0,0.0,0.0,0.0
45.797,0.0,0.0,0.0,0.0,0.0,0.0
45.833,0.0,0.0,0.0,0.0,0.0,0.0
45.854,0.0,0.0,0.0,0.0,0.0,0.0
45.875,0.0,0.0,0.0,0.0,0.0,0.0
45.896,0.0,0.0,0.0,0.0,0.0,0.0
45.917,0.0,0.0,0.0,0.0,0.0,0.0
45.953,0.0,0.0,0.0,0.0,0.0,0.0
45.974,0.0,0.0,0.0,0.0,0.0,0.0
45.995,0.0,0.0,0.0,0.0,0.0,0.0
46.016,0.0,0.0,0.0,0.0,0.0,0.0
46.037,0.0,0.0,0.0,0.0,0.0,0.0
46.073,0.0,0.0,0.0,0.0,0.0,0.0
46.094,0.0,0.0,0.0,0.0,0.0,0.0
46.115,0.0,0.0,0.0,0.0,0.0,0.0
46.136,0.0,0.0,0.0,0.0,0.0,0.0
46.157,0.0,0.0,0.0,0.0,0.0,0.0
46.193,0.0,0.0,0.0,0.0,0.0,0.0
46.214,0.0,0.0,0.0,0.0,0.0,0.0
46.235,0.0,0.0,0.0,0.0,0.0,0.0
46.256,0.0,0.0,0.0,0.0,0.0,0.0
46.277,0.0,0.0,0.0,0.0,0.0,0.0
46.312,0.0,0.0,0.0,0.0,0.0,0.0
46.333,0.0,0.0,0.0,0.0,0.0,0.0
46.355,0.0,0.0,0.0,0.0,0.0,0.0
46.376,0.0,0.0,0.0,0.0,0.0,0.0
46.397,0.0,0.0,0.0,0.0,0.0,0.0
46.433,0.0,0.0,0.0,0.0,0.0,0.0
46.454,0.0,0.0,0.0,0.0,0.0,0.0
46.475,0.0,0.0,0.0,0.0,0.0,0.0
46.496,0.0,0.0,0.0,0.0,0.0,0.0
46.517,0.0,0.0,0.0,0.0,0.0,0.0
46.553,0.0,0.0,0.0,0.0,0.0,0.0
46.574,0.0,0.0,0.0,0.0,0.0,0.0
46.595,0.0,0.0,0.0,0.0,0.0,0.0
46.616,0.0,0.0,0.0,0.0,0.0,0.0
46.637,0.0,0.0,0.0,0.0,0.0,0.0
46.673,0.0,0.0,0.0,0.0,0.0,0.0
46.694,0.0,0.0,0.0,0.0,0.0,0.0
46.715,0.0,0.0,0.0,0.0,0.0,0.0
46.736,0.0,0.0,0.0,0.0,0.0,0.0
46.757,0.0,0.0,0.0,0.0,0.0,0.0
46.793,0.0,0.0,0.0,0.0,0.0,0.0
46.814,0.0,0.0,0.0,0.0,0.0,0.0
46.835,0.0,0.0,0.0,0.0,0.0,0.0
46.856,0.0,0.0,0.0,0.0,0.0,0.0
46.877,0.0,0.0,0.0,0.0,0.0,0.0
46.912,0.0,0.0,0.0,0.0,0.0,0.0
46.933,0.0,0.0,0.0,0.0,0.0,0.0
46.955,0.0,0.0,0.0,0.0,0.0,0.0
46.976,0.0,0.0,0.0,0.0,0.0,0.0
46.997,0.0,0.0,0.0,0.0,0.0,0.0
47.033,0.0,0.0,0.0,0.0,0.0,0.0
47.054,0.0,0.0,0.0,0.0,0.0,0.0
47.075,0.0,0.0,0.0,0.0,0.0,0.0
47.096,0.0,0.0,0.0,0.0,0.0,0.0
47.117,0.0,0.0,0.0,0.0,0.0,0.0
47.153,0.0,0.0,0.0,0.0,0.0,0.0
47.174,0.0,0.0,0.0,0.0,0.0,0.0
47.195,0.0,0.0,0.0,0.0,0.0,0.0
47.216,0.0,0.0,0.0,0.0,0.0,0.0
47.237,0.0,0.0,0.0,0.0,0.0,0.0
47.274,0.0,0.0,0.0,0.0,0.0,0.0
47.295,0.0,0.0,0.0,0.0,0.0,0.0
47.316,0.0,0.0,0.0,0.0,0.0,0.0
47.337,0.0,0.0,0.0,0.0,0.0,0.0
47.358,0.0,0.0,0.0,0.0,0.0,0.0
47.394,0.0,0.0,0.0,0.0,0.0,0.0
47.415,0.0,0.0,0.0,0.0,0.0,0.0
47.436,0.0,0.0,0.0,0.0,0.0,0.0
47.457,0.0,0.0,0.0,0.0,0.0,0.0
47.478,0.0,0.0,0.0,0.0,0.0,0.0
47.514,0.0,0.0,0.0,0.0,0.0,0.0
47.535,0.0,0.0,0.0,0.0,0.0,0.0
47.556,0.0,0.0,0.0,0.0,0.0,0.0
47.577,0.0,0.0,0.0,0.0,0.0,0.0
47.598,0.0,0.0,0.0,0.0,0.0,0.0
47.634,0.0,0.0,0.0,0.0,0.0,0.0
47.655,0.0,0.0,0.0,0.0,0.0,0.0
47.676,0.0,0.0,0.0,0.0,0.0,0.0
47.697,0.0,0.0,0.0,0.0,0.0,0.0
47.718,0.0,0.0,0.0,0.0,0.0,0.0
47.754,0.0,0.0,0.0,0.0,0.0,0.0
47.775,0.0,0.0,0.0,0.0,0.0,0.0
47.796,0.0,0.0,0.0,0.0,0.0,0.0
47.817,0.0,0.0,0.0,0.0,0.0,0.0
47.838,0.0,0.0,0.0,0.0,0.0,0.0
47.874,0.0,0.0,0.0,0.0,0.0,0.0
47.895,0.0,0.0,0.0,0.0,0.0,0.0
47.916,0.0,0.0,0.0,0.0,0.0,0.0
47.937,0.0,0.0,0.0,0.0,0.0,0.0
47.958,0.0,0.0,0.0,0.0,0.0,0.0
47.994,0.0,0.0,0.0,0.0,0.0,0.0
48.015,0.0,0.0,0.0,0.0,0.0,0.0
48.036,0.0,0.0,0.0,0.0,0.0,0.0
48.057,0.0,0.0,0.0,0.0,0.0,0.0
48.078,0.0,0.0,0.0,0.0,0.0,0.0
48.116,0.0,0.0,0.0,0.0,0.0,0.0
48.137,0.0,0.0,0.0,0.0,0.0,0.0
48.158,0.0,0.0,0.0,0.0,0.0,0.0
48.179,0.0,0.0,0.0,0.0,0.0,0.0
48.214,0.0,0.0,0.0,0.0,0.0,0.0
48.235,0.0,0.0,0.0,0.0,0.0,0.0
48.256,0.0,0.0,0.0,0.0,0.0,0.0
48.277,0.0,0.0,0.0,0.0,0.0,0.0
48.298,0.0,0.0,0.0,0.0,0.0,0.0
48.334,0.0,0.0,0.0,0.0,0.0,0.0
48.355,0.0,0.0,0.0,0.0,0.0,0.0
48.376,0.0,0.0,0.0,0.0,0.0,0.0
48.397,0.0,0.0,0.0,0.0,0.0,0.0
48.418,0.0,0.0,0.0,0.0,0.0,0.0
48.454,0.0,0.0,0.0,0.0,0.0,0.0
48.475,0.0,0.0,0.0,0.0,0.0,0.0
48.496,0.0,0.0,0.0,0.0,0.0,0.0
48.517,0.0,0.0,0.0,0.0,0.0,0.0
48.538,0.0,0.0,0.0,0.0,0.0,0.0
48.575,0.0,0.0,0.0,0.0,0.0,0.0
48.596,0.0,0.0,0.0,0.0,0.0,0.0
48.617,0.0,0.0,0.0,0.0,0.0,0.0
48.638,0.0,0.0,0.0,0.0,0.0,0.0
48.659,0.0,0.0,0.0,0.0,0.0,0.0
48.696,0.0,0.0,0.0,0.0,0.0,0.0
48.717,0.0,0.0,0.0,0.0,0.0,0.0
48.738,0.0,0.0,0.0,0.0,0.0,0.0
48.759,0.0,0.0,0.0,0.0,0.0,0.0
48.78,0.0,0.0,0.0,0.0,0.0,0.0
48.816,0.0,0.0,0.0,0.0,0.0,0.0
48.837,0.0,0.0,0.0,0.0,0.0,0.0
48.858,0.0,0.0,0.0,0.0,0.0,0.0
48.879,0.0,0.0,0.0,0.0,0.0,0.0
48.9,0.0,0.0,0.0,0.0,0.0,0.0
48.934,0.0,0.0,0.0,0.0,0.0,0.0
48.955,0.0,0.0,0.0,0.0,0.0,0.0
48.976,0.0,0.0,0.0,0.0,0.0,0.0
48.997,0.0,0.0,0.0,0.0,0.0,0.0
49.018,0.0,0.0,0.0,0.0,0.0,0.0
49.052,0.0,0.0,0.0,0.0,0.0,0.0
49.073,0.0,0.0,0.0,0.0,0.0,0.0
49.094,0.0,0.0,0.0,0.0,0.0,0.0
49.115,0.0,0.0,0.0,0.0,0.0,0.0
49.136,0.0,0.0,0.0,0.0,0.0,0.0
49.171,0.0,0.0,0.0,0.0,0.0,0.0
49.192,0.0,0.0,0.0,0.0,0.0,0.0
49.213,0.0,0.0,0.0,0.0,0.0,0.0
49.234,0.0,0.0,0.0,0.0,0.0,0.0
49.255,0.0,0.0,0.0,0.0,0.0,0.0
49.291,0.0,0.0,0.0,0.0,0.0,0.0
49.312,0.0,0.0,0.0,0.0,0.0,0.0
49.333,0.0,0.0,0.0,0.0,0.0,0.0
49.354,0.0,0.0,0.0,0.0,0.0,0.0
49.375,0.0,0.0,0.0,0.0,0.0,0.0
49.409,0.0,0.0,0.0,0.0,0.0,0.0
49.431,0.0,0.0,0.0,0.0,0.0,0.0
49.452,0.0,0.0,0.0,0.0,0.0,0.0
49.473,0.0,0.0,0.0,0.0,0.0,0.0
49.494,0.0,0.0,0.0,0.0,0.0,0.0
49.528,0.0,0.0,0.0,0.0,0.0,0.0
49.549,0.0,0.0,0.0,0.0,0.0,0.0
49.57,0.0,0.0,0.0,0.0,0.0,0.0
49.591,0.0,0.0,0.0,0.0,0.0,0.0
49.612,0.0,0.0,0.0,0.0,0.0,0.0
49.647,0.0,0.0,0.0,0.0,0.0,0.0
49.668,0.0,0.0,0.0,0.0,0.0,0.0
49.689,0.0,0.0,0.0,0.0,0.0,0.0
49.71,0.0,0.0,0.0,0.0,0.0,0.0
49.731,0.0,0.0,0.0,0.0,0.0,0.0
49.766,0.0,0.0,0.0,0.0,0.0,0.0
49.787,0.0,0.0,0.0,0.0,0.0,0.0
49.808,0.0,0.0,0.0,0.0,0.0,0.0
49.829,0.0,0.0,0.0,0.0,0.0,0.0
49.85,0.0,0.0,0.0,0.0,0.0,0.0
49.885,0.0,0.0,0.0,0.0,0.0,0.0
49.906,0.0,0.0,0.0,0.0,0.0,0.0
49.927,0.0,0.0,0.0,0.0,0.0,0.0
49.948,0.0,0.0,0.0,0.0,0.0,0.0
49.969,0.0,0.0,0.0,0.0,0.0,0.0
50.004,0.0,0.0,0.0,0.0,0.0,0.0
50.025,0.0,0.0,0.0,0.0,0.0,0.0
50.046,0.0,0.0,0.0,0.0,0.0,0.0
50.067,0.0,0.0,0.0,0.0,0.0,0.0
50.088,0.0,0.0,0.0,0.0,0.0,0.0
50.124,0.0,0.0,0.0,0.0,0.0,0.0
50.145,0.0,0.0,0.0,0.0,0.0,0.0
50.166,0.0,0.0,0.0,0.0,0.0,0.0
50.187,0.0,0.0,0.0,0.0,0.0,0.0
50.208,0.0,0.0,0.0,0.0,0.0,0.0
50.243,0.0,0.0,0.0,0.0,0.0,0.0
50.264,0.0,0.0,0.0,0.0,0.0,0.0
50.285,0.0,0.0,0.0,0.0,0.0,0.0
50.306,0.0,0.0,0.0,0.0,0.0,0.0
50.327,0.0,0.0,0.0,0.0,0.0,0.0
50.361,0.0,0.0,0.0,0.0,0.0,0.0
50.382,0.0,0.0,0.0,0.0,0.0,0.0
50.403,0.0,0.0,0.0,0.0,0.0,0.0
50.424,0.0,0.0,0.0,0.0,0.0,0.0
50.445,0.0,0.0,0.0,0.0,0.0,0.0
50.481,0.0,0.0,0.0,0.0,0.0,0.0
50.502,0.0,0.0,0.0,0.0,0.0,0.0
50.523,0.0,0.0,0.0,0.0,0.0,0.0
50.544,0.0,0.0,0.0,0.0,0.0,0.0
50.565,0.0,0.0,0.0,0.0,0.0,0.0
50.6,0.0,0.0,0.0,0.0,0.0,0.0
50.621,0.0,0.0,0.0,0.0,0.0,0.0
50.642,0.0,0.0,0.0,0.0,0.0,0.0
50.663,0.0,0.0,0.0,0.0,0.0,0.0
50.684,0.0,0.0,0.0,0.0,0.0,0.0
50.719,0.0,0.0,0.0,0.0,0.0,0.0
50.74,0.0,0.0,0.0,0.0,0.0,0.0
50.761,0.0,0.0,0.0,0.0,0.0,0.0
50.782,0.0,0.0,0.0,0.0,0.0,0.0
50.803,0.0,0.0,0.0,0.0,0.0,0.0
50.838,0.0,0.0,0.0,0.0,0.0,0.0
50.859,0.0,0.0,0.0,0.0,0.0,0.0
50.88,0.0,0.0,0.0,0.0,0.0,0.0
50.902,0.0,0.0,0.0,0.0,0.0,0.0
50.922,0.0,0.0,0.0,0.0,0.0,0.0
50.958,0.0,0.0,0.0,0.0,0.0,0.0
50.979,0.0,0.0,0.0,0.0,0.0,0.0
51.0,0.0,0.0,0.0,0.0,0.0,0.0
51.021,0.0,0.0,0.0,0.0,0.0,0.0
51.042,0.0,0.0,0.0,0.0,0.0,0.0
51.078,0.0,0.0,0.0,0.0,0.0,0.0
51.099,0.0,0.0,0.0,0.0,0.0,0.0
51.12,0.0,0.0,0.0,0.0,0.0,0.0
51.141,0.0,0.0,0.0,0.0,0.0,0.0
51.162,0.0,0.0,0.0,0.0,0.0,0.0
51.197,0.0,0.0,0.0,0.0,0.0,0.0
51.218,0.0,0.0,0.0,0.0,0.0,0.0
51.239,0.0,0.0,0.0,0.0,0.0,0.0
51.26,0.0,0.0,0.0,0.0,0.0,0.0
51.281,0.0,0.0,0.0,0.0,0.0,0.0
51.316,0.0,0.0,0.0,0.0,0.0,0.0
51.337,0.0,0.0,0.0,0.0,0.0,0.0
51.358,0.0,0.0,0.0,0.0,0.0,0.0
51.379,0.0,0.0,0.0,0.0,0.0,0.0
51.4,0.0,0.0,0.0,0.0,0.0,0.0
51.435,0.0,0.0,0.0,0.0,0.0,0.0
51.456,0.0,0.0,0.0,0.0,0.0,0.0
51.477,0.0,0.0,0.0,0.0,0.0,0.0
51.498,0.0,0.0,0.0,0.0,0.0,0.0
51.52,0.0,0.0,0.0,0.0,0.0,0.0
51.554,0.0,0.0,0.0,0.0,0.0,0.0
51.575,0.0,0.0,0.0,0.0,0.0,0.0
51.596,0.0,0.0,0.0,0.0,0.0,0.0
51.617,0.0,0.0,0.0,0.0,0.0,0.0
51.638,0.0,0.0,0.0,0.0,0.0,0.0
51.674,0.0,0.0,0.0,0.0,0.0,0.0
51.695,0.0,0.0,0.0,0.0,0.0,0.0
51.716,0.0,0.0,0.0,0.0,0.0,0.0
51.737,0.0,0.0,0.0,0.0,0.0,0.0
51.758,0.0,0.0,0.0,0.0,0.0,0.0
51.792,0.0,0.0,0.0,0.0,0.0,0.0
51.813,0.0,0.0,0.0,0.0,0.0,0.0
51.834,0.0,0.0,0.0,0.0,0.0,0.0
51.855,0.0,0.0,0.0,0.0,0.0,0.0
51.876,0.0,0.0,0.0,0.0,0.0,0.0
51.912,0.0,0.0,0.0,0.0,0.0,0.0
51.933,0.0,0.0,0.0,0.0,0.0,0.0
51.954,0.0,0.0,0.0,0.0,0.0,0.0
51.975,0.0,0.0,0.0,0.0,0.0,0.0
51.996,0.0,0.0,0.0,0.0,0.0,0.0
52.031,0.0,0.0,0.0,0.0,0.0,0.0
52.052,0.0,0.0,0.0,0.0,0.0,0.0
52.073,0.0,0.0,0.0,0.0,0.0,0.0
52.094,0.0,0.0,0.0,0.0,0.0,0.0
52.115,0.0,0.0,0.0,0.0,0.0,0.0
52.151,0.0,0.0,0.0,0.0,0.0,0.0
52.172,0.0,0.0,0.0,0.0,0.0,0.0
52.193,0.0,0.0,0.0,0.0,0.0,0.0
52.214,0.0,0.0,0.0,0.0,0.0,0.0
52.235,0.0,0.0,0.0,0.0,0.0,0.0
52.271,0.0,0.0,0.0,0.0,0.0,0.0
52.292,0.0,0.0,0.0,0.0,0.0,0.0
52.313,0.0,0.0,0.0,0.0,0.0,0.0
52.334,0.0,0.0,0.0,0.0,0.0,0.0
52.355,0.0,0.0,0.0,0.0,0.0,0.0
52.393,0.0,0.0,0.0,0.0,0.0,0.0
52.414,0.0,0.0,0.0,0.0,0.0,0.0
52.435,0.0,0.0,0.0,0.0,0.0,0.0
52.456,0.0,0.0,0.0,0.0,0.0,0.0
52.492,0.0,0.0,0.0,0.0,0.0,0.0
52.513,0.0,0.0,0.0,0.0,0.0,0.0
52.534,0.0,0.0,0.0,0.0,0.0,0.0
52.555,0.0,0.0,0.0,0.0,0.0,0.0
52.575,0.0,0.0,0.0,0.0,0.0,0.0
52.614,0.0,0.0,0.0,0.0,0.0,0.0
52.635,0.0,0.0,0.0,0.0,0.0,0.0
52.656,0.0,0.0,0.0,0.0,0.0,0.0
52.677,0.0,0.0,0.0,0.0,0.0,0.0
52.711,0.0,0.0,0.0,0.0,0.0,0.0
52.732,0.0,0.0,0.0,0.0,0.0,0.0
52.753,0.0,0.0,0.0,0.0,0.0,0.0
52.774,0.0,0.0,0.0,0.0,0.0,0.0
52.795,0.0,0.0,0.0,0.0,0.0,0.0
52.831,0.0,0.0,0.0,0.0,0.0,0.0
52.852,0.0,0.0,0.0,0.0,0.0,0.0
52.873,0.0,0.0,0.0,0.0,0.0,0.0
52.894,0.0,0.0,0.0,0.0,0.0,0.0
52.915,0.0,0.0,0.0,0.0,0.0,0.0
52.95,0.0,0.0,0.0,0.0,0.0,0.0
52.971,0.0,0.0,0.0,0.0,0.0,0.0
52.991,0.0,0.0,0.0,0.0,0.0,0.0
53.012,0.0,0.0,0.0,0.0,0.0,0.0
53.033,0.0,0.0,0.0,0.0,0.0,0.0
53.068,0.0,0.0,0.0,0.0,0.0,0.0
53.089,0.0,0.0,0.0,0.0,0.0,0.0
53.11,0.0,0.0,0.0,0.0,0.0,0.0
53.131,0.0,0.0,0.0,0.0,0.0,0.0
53.152,0.0,0.0,0.0,0.0,0.0,0.0
53.182,0.0,0.0,0.0,0.0,0.0,0.0
53.203,0.0,0.0,0.0,0.0,0.0,0.0
53.224,0.0,0.0,0.0,0.0,0.0,0.0
53.245,0.0,0.0,0.0,0.0,0.0,0.0
53.266,0.0,0.0,0.0,0.0,0.0,0.0
53.297,0.0,0.0,0.0,0.0,0.0,0.0
53.318,0.0,0.0,0.0,0.0,0.0,0.0
53.34,0.0,0.0,0.0,0.0,0.0,0.0
53.361,0.0,0.0,0.0,0.0,0.0,0.0
53.382,0.0,0.0,0.0,0.0,0.0,0.0
53.414,0.0,0.0,0.0,0.0,0.0,0.0
53.435,0.0,0.0,0.0,0.0,0.0,0.0
53.456,0.0,0.0,0.0,0.0,0.0,0.0
53.477,0.0,0.0,0.0,0.0,0.0,0.0
53.498,0.0,0.0,0.0,0.0,0.0,0.0
53.533,0.0,0.0,0.0,0.0,0.0,0.0
53.554,0.0,0.0,0.0,0.0,0.0,0.0
53.575,0.0,0.0,0.0,0.0,0.0,0.0
53.596,0.0,0.0,0.0,0.0,0.0,0.0
53.617,0.0,0.0,0.0,0.0,0.0,0.0
53.652,0.0,0.0,0.0,0.0,0.0,0.0
53.673,0.0,0.0,0.0,0.0,0.0,0.0
53.694,0.0,0.0,0.0,0.0,0.0,0.0
53.715,0.0,0.0,0.0,0.0,0.0,0.0
53.736,0.0,0.0,0.0,0.0,0.0,0.0
53.771,0.0,0.0,0.0,0.0,0.0,0.0
53.792,0.0,0.0,0.0,0.0,0.0,0.0
53.813,0.0,0.0,0.0,0.0,0.0,0.0
53.834,0.0,0.0,0.0,0.0,0.0,0.0
53.855,0.0,0.0,0.0,0.0,0.0,0.0
53.889,0.0,0.0,0.0,0.0,0.0,0.0
53.91,0.0,0.0,0.0,0.0,0.0,0.0
53.931,0.0,0.0,0.0,0.0,0.0,0.0
53.952,0.0,0.0,0.0,0.0,0.0,0.0
53.973,0.0,0.0,0.0,0.0,0.0,0.0
54.007,0.0,0.0,0.0,0.0,0.0,0.0
54.028,0.0,0.0,0.0,0.0,0.0,0.0
54.049,0.0,0.0,0.0,0.0,0.0,0.0
54.07,0.0,0.0,0.0,0.0,0.0,0.0
54.091,0.0,0.0,0.0,0.0,0.0,0.0
54.126,0.0,0.0,0.0,0.0,0.0,0.0
54.147,0.0,0.0,0.0,0.0,0.0,0.0
54.168,0.0,0.0,0.0,0.0,0.0,0.0
54.189,0.0,0.0,0.0,0.0,0.0,0.0
54.21,0.0,0.0,0.0,0.0,0.0,0.0
54.244,0.0,0.0,0.0,0.0,0.0,0.0
54.265,0.0,0.0,0.0,0.0,0.0,0.0
54.286,0.0,0.0,0.0,0.0,0.0,0.0
54.307,0.0,0.0,0.0,0.0,0.0,0.0
54.328,0.0,0.0,0.0,0.0,0.0,0.0
54.362,0.0,0.0,0.0,0.0,0.0,0.0
54.383,0.0,0.0,0.0,0.0,0.0,0.0
54.404,0.0,0.0,0.0,0.0,0.0,0.0
54.425,0.0,0.0,0.0,0.0,0.0,0.0
54.446,0.0,0.0,0.0,0.0,0.0,0.0
54.482,0.0,0.0,0.0,0.0,0.0,0.0
54.503,0.0,0.0,0.0,0.0,0.0,0.0
54.524,0.0,0.0,0.0,0.0,0.0,0.0
54.545,0.0,0.0,0.0,0.0,0.0,0.0
54.566,0.0,0.0,0.0,0.0,0.0,0.0
54.601,0.0,0.0,0.0,0.0,0.0,0.0
54.622,0.0,0.0,0.0,0.0,0.0,0.0
54.642,0.0,0.0,0.0,0.0,0.0,0.0
54.663,0.0,0.0,0.0,0.0,0.0,0.0
54.684,0.0,0.0,0.0,0.0,0.0,0.0
54.722,0.0,0.0,0.0,0.0,0.0,0.0
54.743,0.0,0.0,0.0,0.0,0.0,0.0
54.764,0.0,0.0,0.0,0.0,0.0,0.0
54.785,0.0,0.0,0.0,0.0,0.0,0.0
54.819,0.0,0.0,0.0,0.0,0.0,0.0
54.84,0.0,0.0,0.0,0.0,0.0,0.0
54.861,0.0,0.0,0.0,0.0,0.0,0.0
54.882,0.0,0.0,0.0,0.0,0.0,0.0
54.903,0.0,0.0,0.0,0.0,0.0,0.0
54.94,0.0,0.0,0.0,0.0,0.0,0.0
54.961,0.0,0.0,0.0,0.0,0.0,0.0
54.982,0.0,0.0,0.0,0.0,0.0,0.0
55.003,0.0,0.0,0.0,0.0,0.0,0.0
55.024,0.0,0.0,0.0,0.0,0.0,0.0
55.06,0.0,0.0,0.0,0.0,0.0,0.0
55.081,0.0,0.0,0.0,0.0,0.0,0.0
55.102,0.0,0.0,0.0,0.0,0.0,0.0
55.122,0.0,0.0,0.0,0.0,0.0,0.0
55.143,0.0,0.0,0.0,0.0,0.0,0.0
55.173,0.0,0.0,0.0,0.0,0.0,0.0
55.194,0.0,0.0,0.0,0.0,0.0,0.0
55.215,0.0,0.0,0.0,0.0,0.0,0.0
55.236,0.0,0.0,0.0,0.0,0.0,0.0
55.257,0.0,0.0,0.0,0.0,0.0,0.0
55.296,0.0,0.0,0.0,0.0,0.0,0.0
55.317,0.0,0.0,0.0,0.0,0.0,0.0
55.338,0.0,0.0,0.0,0.0,0.0,0.0
55.36,0.0,0.0,0.0,0.0,0.0,0.0
55.395,0.0,0.0,0.0,0.0,0.0,0.0
55.416,0.0,0.0,0.0,0.0,0.0,0.0
55.437,0.0,0.0,0.0,0.0,0.0,0.0
55.458,0.0,0.0,0.0,0.0,0.0,0.0
55.479,0.0,0.0,0.0,0.0,0.0,0.0
55.517,0.0,0.0,0.0,0.0,0.0,0.0
55.538,0.0,0.0,0.0,0.0,0.0,0.0
55.559,0.0,0.0,0.0,0.0,0.0,0.0
55.58,0.0,0.0,0.0,0.0,0.0,0.0
55.616,0.0,0.0,0.0,0.0,0.0,0.0
55.637,0.0,0.0,0.0,0.0,0.0,0.0
55.658,0.0,0.0,0.0,0.0,0.0,0.0
55.679,0.0,0.0,0.0,0.0,0.0,0.0
55.7,0.0,0.0,0.0,0.0,0.0,0.0
55.731,0.0,0.0,0.0,0.0,0.0,0.0
55.752,0.0,0.0,0.0,0.0,0.0,0.0
55.773,0.0,0.0,0.0,0.0,0.0,0.0
55.794,0.0,0.0,0.0,0.0,0.0,0.0
55.815,0.0,0.0,0.0,0.0,0.0,0.0
55.852,0.0,0.0,0.0,0.0,0.0,0.0
55.873,0.0,0.0,0.0,0.0,0.0,0.0
55.894,0.0,0.0,0.0,0.0,0.0,0.0
55.915,0.0,0.0,0.0,0.0,0.0,0.0
55.936,0.0,0.0,0.0,0.0,0.0,0.0
55.973,0.0,0.0,0.0,0.0,0.0,0.0
55.993,0.0,0.0,0.0,0.0,0.0,0.0
56.013,0.0,0.0,0.0,0.0,0.0,0.0
56.034,0.0,0.0,0.0,0.0,0.0,0.0
56.055,0.0,0.0,0.0,0.0,0.0,0.0
56.091,0.0,0.0,0.0,0.0,0.0,0.0
56.112,0.0,0.0,0.0,0.0,0.0,0.0
56.133,0.0,0.0,0.0,0.0,0.0,0.0
56.154,0.0,0.0,0.0,0.0,0.0,0.0
56.175,0.0,0.0,0.0,0.0,0.0,0.0
56.21,0.0,0.0,0.0,0.0,0.0,0.0
56.231,0.0,0.0,0.0,0.0,0.0,0.0
56.252,0.0,0.0,0.0,0.0,0.0,0.0
56.273,0.0,0.0,0.0,0.0,0.0,0.0
56.294,0.0,0.0,0.0,0.0,0.0,0.0
56.329,0.0,0.0,0.0,0.0,0.0,0.0
56.351,0.0,0.0,0.0,0.0,0.0,0.0
56.372,0.0,0.0,0.0,0.0,0.0,0.0
56.393,0.0,0.0,0.0,0.0,0.0,0.0
56.414,0.0,0.0,0.0,0.0,0.0,0.0
56.449,0.0,0.0,0.0,0.0,0.0,0.0
56.47,0.0,0.0,0.0,0.0,0.0,0.0
56.491,0.0,0.0,0.0,0.0,0.0,0.0
56.512,0.0,0.0,0.0,0.0,0.0,0.0
56.533,0.0,0.0,0.0,0.0,0.0,0.0
56.568,0.0,0.0,0.0,0.0,0.0,0.0
56.589,0.0,0.0,0.0,0.0,0.0,0.0
56.61,0.0,0.0,0.0,0.0,0.0,0.0
56.631,0.0,0.0,0.0,0.0,0.0,0.0
56.652,0.0,0.0,0.0,0.0,0.0,0.0
56.688,0.0,0.0,0.0,0.0,0.0,0.0
56.709,0.0,0.0,0.0,0.0,0.0,0.0
56.73,0.0,0.0,0.0,0.0,0.0,0.0
56.75,0.0,0.0,0.0,0.0,0.0,0.0
56.771,0.0,0.0,0.0,0.0,0.0,0.0
56.806,0.0,0.0,0.0,0.0,0.0,0.0
56.827,0.0,0.0,0.0,0.0,0.0,0.0
56.848,0.0,0.0,0.0,0.0,0.0,0.0
56.869,0.0,0.0,0.0,0.0,0.0,0.0
56.89,0.0,0.0,0.0,0.0,0.0,0.0
56.925,0.0,0.0,0.0,0.0,0.0,0.0
56.946,0.0,0.0,0.0,0.0,0.0,0.0
56.967,0.0,0.0,0.0,0.0,0.0,0.0
56.988,0.0,0.0,0.0,0.0,0.0,0.0
57.009,0.0,0.0,0.0,0.0,0.0,0.0
57.045,0.0,0.0,0.0,0.0,0.0,0.0
57.066,0.0,0.0,0.0,0.0,0.0,0.0
57.087,0.0,0.0,0.0,0.0,0.0,0.0
57.108,0.0,0.0,0.0,0.0,0.0,0.0
57.129,0.0,0.0,0.0,0.0,0.0,0.0
57.164,0.0,0.0,0.0,0.0,0.0,0.0
57.185,0.0,0.0,0.0,0.0,0.0,0.0
57.206,0.0,0.0,0.0,0.0,0.0,0.0
57.227,0.0,0.0,0.0,0.0,0.0,0.0
57.248,0.0,0.0,0.0,0.0,0.0,0.0
57.287,0.0,0.0,0.0,0.0,0.0,0.0
57.308,0.0,0.0,0.0,0.0,0.0,0.0
57.329,0.0,0.0,0.0,0.0,0.0,0.0
57.35,0.0,0.0,0.0,0.0,0.0,0.0
57.386,0.0,0.0,0.0,0.0,0.0,0.0
57.407,0.0,0.0,0.0,0.0,0.0,0.0
57.428,0.0,0.0,0.0,0.0,0.0,0.0
57.449,0.0,0.0,0.0,0.0,0.0,0.0
57.47,0.0,0.0,0.0,0.0,0.0,0.0
57.507,0.0,0.0,0.0,0.0,0.0,0.0
57.528,0.0,0.0,0.0,0.0,0.0,0.0
57.549,0.0,0.0,0.0,0.0,0.0,0.0
57.57,0.0,0.0,0.0,0.0,0.0,0.0
57.591,0.0,0.0,0.0,0.0,0.0,0.0
57.626,0.0,0.0,0.0,0.0,0.0,0.0
57.647,0.0,0.0,0.0,0.0,0.0,0.0
57.668,0.0,0.0,0.0,0.0,0.0,0.0
57.689,0.0,0.0,0.0,0.0,0.0,0.0
57.71,0.0,0.0,0.0,0.0,0.0,0.0
57.746,0.0,0.0,0.0,0.0,0.0,0.0
57.767,0.0,0.0,0.0,0.0,0.0,0.0
57.788,0.0,0.0,0.0,0.0,0.0,0.0
57.809,0.0,0.0,0.0,0.0,0.0,0.0
57.83,0.0,0.0,0.0,0.0,0.0,0.0
57.865,0.0,0.0,0.0,0.0,0.0,0.0
57.886,0.0,0.0,0.0,0.0,0.0,0.0
57.907,0.0,0.0,0.0,0.0,0.0,0.0
57.928,0.0,0.0,0.0,0.0,0.0,0.0
57.949,0.0,0.0,0.0,0.0,0.0,0.0
57.985,0.0,0.0,0.0,0.0,0.0,0.0
58.006,0.0,0.0,0.0,0.0,0.0,0.0
58.027,0.0,0.0,0.0,0.0,0.0,0.0
58.048,0.0,0.0,0.0,0.0,0.0,0.0
58.069,0.0,0.0,0.0,0.0,0.0,0.0
58.104,0.0,0.0,0.0,0.0,0.0,0.0
58.125,0.0,0.0,0.0,0.0,0.0,0.0
58.146,0.0,0.0,0.0,0.0,0.0,0.0
58.167,0.0,0.0,0.0,0.0,0.0,0.0
58.188,0.0,0.0,0.0,0.0,0.0,0.0
58.223,0.0,0.0,0.0,0.0,0.0,0.0
58.244,0.0,0.0,0.0,0.0,0.0,0.0
58.265,0.0,0.0,0.0,0.0,0.0,0.0
58.286,0.0,0.0,0.0,0.0,0.0,0.0
58.307,0.0,0.0,0.0,0.0,0.0,0.0
58.343,0.0,0.0,0.0,0.0,0.0,0.0
58.364,0.0,0.0,0.0,0.0,0.0,0.0
58.385,0.0,0.0,0.0,0.0,0.0,0.0
58.406,0.0,0.0,0.0,0.0,0.0,0.0
58.427,0.0,0.0,0.0,0.0,0.0,0.0
58.462,0.0,0.0,0.0,0.0,0.0,0.0
58.483,0.0,0.0,0.0,0.0,0.0,0.0
58.504,0.0,0.0,0.0,0.0,0.0,0.0
58.525,0.0,0.0,0.0,0.0,0.0,0.0
58.546,0.0,0.0,0.0,0.0,0.0,0.0
58.582,0.0,0.0,0.0,0.0,0.0,0.0
58.603,0.0,0.0,0.0,0.0,0.0,0.0
58.624,0.0,0.0,0.0,0.0,0.0,0.0
58.645,0.0,0.0,0.0,0.0,0.0,0.0
58.666,0.0,0.0,0.0,0.0,0.0,0.0
58.701,0.0,0.0,0.0,0.0,0.0,0.0
58.722,0.0,0.0,0.0,0.0,0.0,0.0
58.743,0.0,0.0,0.0,0.0,0.0,0.0
58.764,0.0,0.0,0.0,0.0,0.0,0.0
58.785,0.0,0.0,0.0,0.0,0.0,0.0
58.82,0.0,0.0,0.0,0.0,0.0,0.0
58.841,0.0,0.0,0.0,0.0,0.0,0.0
58.862,0.0,0.0,0.0,0.0,0.0,0.0
58.883,0.0,0.0,0.0,0.0,0.0,0.0
58.904,0.0,0.0,0.0,0.0,0.0,0.0
58.939,0.0,0.0,0.0,0.0,0.0,0.0
58.96,0.0,0.0,0.0,0.0,0.0,0.0
58.981,0.0,0.0,0.0,0.0,0.0,0.0
59.002,0.0,0.0,0.0,0.0,0.0,0.0
59.023,0.0,0.0,0.0,0.0,0.0,0.0
59.057,0.0,0.0,0.0,0.0,0.0,0.0
59.078,0.0,0.0,0.0,0.0,0.0,0.0
59.099,0.0,0.0,0.0,0.0,0.0,0.0
59.121,0.0,0.0,0.0,0.0,0.0,0.0
59.142,0.0,0.0,0.0,0.0,0.0,0.0
59.177,0.0,0.0,0.0,0.0,0.0,0.0
59.198,0.0,0.0,0.0,0.0,0.0,0.0
59.219,0.0,0.0,0.0,0.0,0.0,0.0
59.24,0.0,0.0,0.0,0.0,0.0,0.0
59.261,0.0,0.0,0.0,0.0,0.0,0.0
59.298,0.0,0.0,0.0,0.0,0.0,0.0
59.319,0.0,0.0,0.0,0.0,0.0,0.0
59.34,0.0,0.0,0.0,0.0,0.0,0.0
59.361,0.0,0.0,0.0,0.0,0.0,0.0
59.382,0.0,0.0,0.0,0.0,0.0,0.0
59.418,0.0,0.0,0.0,0.0,0.0,0.0
59.439,0.0,0.0,0.0,0.0,0.0,0.0
59.46,0.0,0.0,0.0,0.0,0.0,0.0
59.481,0.0,0.0,0.0,0.0,0.0,0.0
59.502,0.0,0.0,0.0,0.0,0.0,0.0
59.537,0.0,0.0,0.0,0.0,0.0,0.0
59.558,0.0,0.0,0.0,0.0,0.0,0.0
59.579,0.0,0.0,0.0,0.0,0.0,0.0
59.599,0.0,0.0,0.0,0.0,0.0,0.0
59.62,0.0,0.0,0.0,0.0,0.0,0.0
59.655,0.0,0.0,0.0,0.0,0.0,0.0
59.676,0.0,0.0,0.0,0.0,0.0,0.0
59.697,0.0,0.0,0.0,0.0,0.0,0.0
59.718,0.0,0.0,0.0,0.0,0.0,0.0
59.739,0.0,0.0,0.0,0.0,0.0,0.0
59.776,0.0,0.0,0.0,0.0,0.0,0.0
59.797,0.0,0.0,0.0,0.0,0.0,0.0
59.818,0.0,0.0,0.0,0.0,0.0,0.0
59.839,0.0,0.0,0.0,0.0,0.0,0.0
59.86,0.0,0.0,0.0,0.0,0.0,0.0
59.895,0.0,0.0,0.0,0.0,0.0,0.0
59.916,0.0,0.0,0.0,0.0,0.0,0.0
59.937,0.0,0.0,0.0,0.0,0.0,0.0
59.958,0.0,0.0,0.0,0.0,0.0,0.0
59.979,0.0,0.0,0.0,0.0,0.0,0.0
60.015,0.0,0.0,0.0,0.0,0.0,0.0
60.036,0.0,0.0,0.0,0.0,0.0,0.0
60.057,0.0,0.0,0.0,0.0,0.0,0.0
60.078,0.0,0.0,0.0,0.0,0.0,0.0
60.099,0.0,0.0,0.0,0.0,0.0,0.0
60.134,0.0,0.0,0.0,0.0,0.0,0.0
60.155,0.0,0.0,0.0,0.0,0.0,0.0
60.176,0.0,0.0,0.0,0.0,0.0,0.0
60.197,0.0,0.0,0.0,0.0,0.0,0.0
60.218,0.0,0.0,0.0,0.0,0.0,0.0
60.254,0.0,0.0,0.0,0.0,0.0,0.0
60.275,0.0,0.0,0.0,0.0,0.0,0.0
60.296,0.0,0.0,0.0,0.0,0.0,0.0
60.317,0.0,0.0,0.0,0.0,0.0,0.0
60.338,0.0,0.0,0.0,0.0,0.0,0.0
60.373,0.0,0.0,0.0,0.0,0.0,0.0
60.394,0.0,0.0,0.0,0.0,0.0,0.0
60.415,0.0,0.0,0.0,0.0,0.0,0.0
60.437,0.0,0.0,0.0,0.0,0.0,0.0
60.458,0.0,0.0,0.0,0.0,0.0,0.0
60.494,0.0,0.0,0.0,0.0,0.0,0.0
60.515,0.0,0.0,0.0,0.0,0.0,0.0
60.536,0.0,0.0,0.0,0.0,0.0,0.0
60.557,0.0,0.0,0.0,0.0,0.0,0.0
60.578,0.0,0.0,0.0,0.0,0.0,0.0
60.613,0.0,0.0,0.0,0.0,0.0,0.0
60.634,0.0,0.0,0.0,0.0,0.0,0.0
60.655,0.0,0.0,0.0,0.0,0.0,0.0
60.676,0.0,0.0,0.0,0.0,0.0,0.0
60.697,0.0,0.0,0.0,0.0,0.0,0.0
60.733,0.0,0.0,0.0,0.0,0.0,0.0
60.754,0.0,0.0,0.0,0.0,0.0,0.0
60.775,0.0,0.0,0.0,0.0,0.0,0.0
60.796,0.0,0.0,0.0,0.0,0.0,0.0
60.817,0.0,0.0,0.0,0.0,0.0,0.0
60.853,0.0,0.0,0.0,0.0,0.0,0.0
60.874,0.0,0.0,0.0,0.0,0.0,0.0
60.895,0.0,0.0,0.0,0.0,0.0,0.0
60.916,0.0,0.0,0.0,0.0,0.0,0.0
60.937,0.0,0.0,0.0,0.0,0.0,0.0
60.972,0.0,0.0,0.0,0.0,0.0,0.0
60.993,0.0,0.0,0.0,0.0,0.0,0.0
61.014,0.0,0.0,0.0,0.0,0.0,0.0
61.035,0.0,0.0,0.0,0.0,0.0,0.0
61.056,0.0,0.0,0.0,0.0,0.0,0.0
61.09,0.0,0.0,0.0,0.0,0.0,0.0
61.111,0.0,0.0,0.0,0.0,0.0,0.0
61.132,0.0,0.0,0.0,0.0,0.0,0.0
61.154,0.0,0.0,0.0,0.0,0.0,0.0
61.175,0.0,0.0,0.0,0.0,0.0,0.0
61.21,0.0,0.0,0.0,0.0,0.0,0.0
61.231,0.0,0.0,0.0,0.0,0.0,0.0
61.252,0.0,0.0,0.0,0.0,0.0,0.0
61.273,0.0,0.0,0.0,0.0,0.0,0.0
61.294,0.0,0.0,0.0,0.0,0.0,0.0
61.329,0.0,0.0,0.0,0.0,0.0,0.0
61.35,0.0,0.0,0.0,0.0,0.0,0.0
61.371,0.0,0.0,0.0,0.0,0.0,0.0
61.392,0.0,0.0,0.0,0.0,0.0,0.0
61.412,0.0,0.0,0.0,0.0,0.0,0.0
61.447,0.0,0.0,0.0,0.0,0.0,0.0
61.467,0.0,0.0,0.0,0.0,0.0,0.0
61.488,0.0,0.0,0.0,0.0,0.0,0.0
61.509,0.0,0.0,0.0,0.0,0.0,0.0
61.53,0.0,0.0,0.0,0.0,0.0,0.0
61.564,0.0,0.0,0.0,0.0,0.0,0.0
61.585,0.0,0.0,0.0,0.0,0.0,0.0
61.606,0.0,0.0,0.0,0.0,0.0,0.0
61.627,0.0,0.0,0.0,0.0,0.0,0.0
61.648,0.0,0.0,0.0,0.0,0.0,0.0
61.685,0.0,0.0,0.0,0.0,0.0,0.0
61.706,0.0,0.0,0.0,0.0,0.0,0.0
61.727,0.0,0.0,0.0,0.0,0.0,0.0
61.748,0.0,0.0,0.0,0.0,0.0,0.0
61.769,0.0,0.0,0.0,0.0,0.0,0.0
61.805,0.0,0.0,0.0,0.0,0.0,0.0
61.826,0.0,0.0,0.0,0.0,0.0,0.0
61.847,0.0,0.0,0.0,0.0,0.0,0.0
61.868,0.0,0.0,0.0,0.0,0.0,0.0
61.889,0.0,0.0,0.0,0.0,0.0,0.0
61.925,0.0,0.0,0.0,0.0,0.0,0.0
61.946,0.0,0.0,0.0,0.0,0.0,0.0
61.967,0.0,0.0,0.0,0.0,0.0,0.0
61.988,0.0,0.0,0.0,0.0,0.0,0.0
62.009,0.0,0.0,0.0,0.0,0.0,0.0
62.045,0.0,0.0,0.0,0.0,0.0,0.0
62.066,0.0,0.0,0.0,0.0,0.0,0.0
62.087,0.0,0.0,0.0,0.0,0.0,0.0
62.108,0.0,0.0,0.0,0.0,0.0,0.0
62.129,0.0,0.0,0.0,0.0,0.0,0.0
62.164,0.0,0.0,0.0,0.0,0.0,0.0
62.185,0.0,0.0,0.0,0.0,0.0,0.0
62.207,0.0,0.0,0.0,0.0,0.0,0.0
62.228,0.0,0.0,0.0,0.0,0.0,0.0
62.249,0.0,0.0,0.0,0.0,0.0,0.0
62.284,0.0,0.0,0.0,0.0,0.0,0.0
62.305,0.0,0.0,0.0,0.0,0.0,0.0
62.326,0.0,0.0,0.0,0.0,0.0,0.0
62.347,0.0,0.0,0.0,0.0,0.0,0.0
62.368,0.0,0.0,0.0,0.0,0.0,0.0
62.404,0.0,0.0,0.0,0.0,0.0,0.0
62.425,0.0,0.0,0.0,0.0,0.0,0.0
62.446,0.0,0.0,0.0,0.0,0.0,0.0
62.467,0.0,0.0,0.0,0.0,0.0,0.0
62.488,0.0,0.0,0.0,0.0,0.0,0.0
62.524,0.0,0.0,0.0,0.0,0.0,0.0
62.545,0.0,0.0,0.0,0.0,0.0,0.0
62.566,0.0,0.0,0.0,0.0,0.0,0.0
62.587,0.0,0.0,0.0,0.0,0.0,0.0
62.608,0.0,0.0,0.0,0.0,0.0,0.0
62.644,0.0,0.0,0.0,0.0,0.0,0.0
62.665,0.0,0.0,0.0,0.0,0.0,0.0
62.686,0.0,0.0,0.0,0.0,0.0,0.0
62.707,0.0,0.0,0.0,0.0,0.0,0.0
62.728,0.0,0.0,0.0,0.0,0.0,0.0
62.764,0.0,0.0,0.0,0.0,0.0,0.0
62.785,0.0,0.0,0.0,0.0,0.0,0.0
62.807,0.0,0.0,0.0,0.0,0.0,0.0
62.828,0.0,0.0,0.0,0.0,0.0,0.0
62.849,0.0,0.0,0.0,0.0,0.0,0.0
62.884,0.0,0.0,0.0,0.0,0.0,0.0
62.905,0.0,0.0,0.0,0.0,0.0,0.0
62.926,0.0,0.0,0.0,0.0,0.0,0.0
62.947,0.0,0.0,0.0,0.0,0.0,0.0
62.968,0.0,0.0,0.0,0.0,0.0,0.0
63.003,0.0,0.0,0.0,0.0,0.0,0.0
63.024,0.0,0.0,0.0,0.0,0.0,0.0
63.045,0.0,0.0,0.0,0.0,0.0,0.0
63.066,0.0,0.0,0.0,0.0,0.0,0.0
63.087,0.0,0.0,0.0,0.0,0.0,0.0
63.123,0.0,0.0,0.0,0.0,0.0,0.0
63.144,0.0,0.0,0.0,0.0,0.0,0.0
63.165,0.0,0.0,0.0,0.0,0.0,0.0
63.186,0.0,0.0,0.0,0.0,0.0,0.0
63.207,0.0,0.0,0.0,0.0,0.0,0.0
63.243,0.0,0.0,0.0,0.0,0.0,0.0
63.264,0.0,0.0,0.0,0.0,0.0,0.0
63.285,0.0,0.0,0.0,0.0,0.0,0.0
63.306,0.0,0.0,0.0,0.0,0.0,0.0
63.327,0.0,0.0,0.0,0.0,0.0,0.0
63.362,0.0,0.0,0.0,0.0,0.0,0.0
63.383,0.0,0.0,0.0,0.0,0.0,0.0
63.404,0.0,0.0,0.0,0.0,0.0,0.0
63.425,0.0,0.0,0.0,0.0,0.0,0.0
63.446,0.0,0.0,0.0,0.0,0.0,0.0
63.481,0.0,0.0,0.0,0.0,0.0,0.0
63.502,0.0,0.0,0.0,0.0,0.0,0.0
63.523,0.0,0.0,0.0,0.0,0.0,0.0
63.544,0.0,0.0,0.0,0.0,0.0,0.0
63.565,0.0,0.0,0.0,0.0,0.0,0.0
63.601,0.0,0.0,0.0,0.0,0.0,0.0
63.622,0.0,0.0,0.0,0.0,0.0,0.0
63.643,0.0,0.0,0.0,0.0,0.0,0.0
63.664,0.0,0.0,0.0,0.0,0.0,0.0
63.685,0.0,0.0,0.0,0.0,0.0,0.0
63.721,0.0,0.0,0.0,0.0,0.0,0.0
63.742,0.0,0.0,0.0,0.0,0.0,0.0
63.763,0.0,0.0,0.0,0.0,0.0,0.0
63.784,0.0,0.0,0.0,0.0,0.0,0.0
63.805,0.0,0.0,0.0,0.0,0.0,0.0
63.84,0.0,0.0,0.0,0.0,0.0,0.0
63.861,0.0,0.0,0.0,0.0,0.0,0.0
63.882,0.0,0.0,0.0,0.0,0.0,0.0
63.903,0.0,0.0,0.0,0.0,0.0,0.0
63.924,0.0,0.0,0.0,0.0,0.0,0.0
63.959,0.0,0.0,0.0,0.0,0.0,0.0
63.98,0.0,0.0,0.0,0.0,0.0,0.0
64.001,0.0,0.0,0.0,0.0,0.0,0.0
64.022,0.0,0.0,0.0,0.0,0.0,0.0
64.043,0.0,0.0,0.0,0.0,0.0,0.0
64.078,0.0,0.0,0.0,0.0,0.0,0.0
64.099,0.0,0.0,0.0,0.0,0.0,0.0
64.12,0.0,0.0,0.0,0.0,0.0,0.0
64.141,0.0,0.0,0.0,0.0,0.0,0.0
64.162,0.0,0.0,0.0,0.0,0.0,0.0
64.198,0.0,0.0,0.0,0.0,0.0,0.0
64.219,0.0,0.0,0.0,0.0,0.0,0.0
64.24,0.0,0.0,0.0,0.0,0.0,0.0
64.261,0.0,0.0,0.0,0.0,0.0,0.0
64.282,0.0,0.0,0.0,0.0,0.0,0.0
64.318,0.0,0.0,0.0,0.0,0.0,0.0
64.339,0.0,0.0,0.0,0.0,0.0,0.0
64.36,0.0,0.0,0.0,0.0,0.0,0.0
64.381,0.0,0.0,0.0,0.0,0.0,0.0
64.401,0.0,0.0,0.0,0.0,0.0,0.0
64.437,0.0,0.0,0.0,0.0,0.0,0.0
64.458,0.0,0.0,0.0,0.0,0.0,0.0
64.479,0.0,0.0,0.0,0.0,0.0,0.0
64.5,0.0,0.0,0.0,0.0,0.0,0.0
64.521,0.0,0.0,0.0,0.0,0.0,0.0
64.556,0.0,0.0,0.0,0.0,0.0,0.0
64.577,0.0,0.0,0.0,0.0,0.0,0.0
64.598,0.0,0.0,0.0,0.0,0.0,0.0
64.619,0.0,0.0,0.0,0.0,0.0,0.0
64.64,0.0,0.0,0.0,0.0,0.0,0.0
64.679,0.0,0.0,0.0,0.0,0.0,0.0
64.7,0.0,0.0,0.0,0.0,0.0,0.0
64.721,0.0,0.0,0.0,0.0,0.0,0.0
64.742,0.0,0.0,0.0,0.0,0.0,0.0
64.775,0.0,0.0,0.0,0.0,0.0,0.0
64.796,0.0,0.0,0.0,0.0,0.0,0.0
64.817,0.0,0.0,0.0,0.0,0.0,0.0
64.838,0.0,0.0,0.0,0.0,0.0,0.0
64.859,0.0,0.0,0.0,0.0,0.0,0.0
64.894,0.0,0.0,0.0,0.0,0.0,0.0
64.915,0.0,0.0,0.0,0.0,0.0,0.0
64.936,0.0,0.0,0.0,0.0,0.0,0.0
64.957,0.0,0.0,0.0,0.0,0.0,0.0
64.978,0.0,0.0,0.0,0.0,0.0,0.0
65.015,0.0,0.0,0.0,0.0,0.0,0.0
65.036,0.0,0.0,0.0,0.0,0.0,0.0
65.057,0.0,0.0,0.0,0.0,0.0,0.0
65.078,0.0,0.0,0.0,0.0,0.0,0.0
65.099,0.0,0.0,0.0,0.0,0.0,0.0
65.135,0.0,0.0,0.0,0.0,0.0,0.0
65.156,0.0,0.0,0.0,0.0,0.0,0.0
65.177,0.0,0.0,0.0,0.0,0.0,0.0
65.198,0.0,0.0,0.0,0.0,0.0,0.0
65.219,0.0,0.0,0.0,0.0,0.0,0.0
65.255,0.0,0.0,0.0,0.0,0.0,0.0
65.277,0.0,0.0,0.0,0.0,0.0,0.0
65.298,0.0,0.0,0.0,0.0,0.0,0.0
65.319,0.0,0.0,0.0,0.0,0.0,0.0
65.34,0.0,0.0,0.0,0.0,0.0,0.0
65.375,0.0,0.0,0.0,0.0,0.0,0.0
65.396,0.0,0.0,0.0,0.0,0.0,0.0
65.417,0.0,0.0,0.0,0.0,0.0,0.0
65.438,0.0,0.0,0.0,0.0,0.0,0.0
65.459,0.0,0.0,0.0,0.0,0.0,0.0
65.495,0.0,0.0,0.0,0.0,0.0,0.0
65.516,0.0,0.0,0.0,0.0,0.0,0.0
65.537,0.0,0.0,0.0,0.0,0.0,0.0
65.558,0.0,0.0,0.0,0.0,0.0,0.0
65.579,0.0,0.0,0.0,0.0,0.0,0.0
65.615,0.0,0.0,0.0,0.0,0.0,0.0
65.636,0.0,0.0,0.0,0.0,0.0,0.0
65.657,0.0,0.0,0.0,0.0,0.0,0.0
65.678,0.0,0.0,0.0,0.0,0.0,0.0
65.699,0.0,0.0,0.0,0.0,0.0,0.0
65.734,0.0,0.0,0.0,0.0,0.0,0.0
65.755,0.0,0.0,0.0,0.0,0.0,0.0
65.776,0.0,0.0,0.0,0.0,0.0,0.0
65.797,0.0,0.0,0.0,0.0,0.0,0.0
65.818,0.0,0.0,0.0,0.0,0.0,0.0
65.855,0.0,0.0,0.0,0.0,0.0,0.0
65.876,0.0,0.0,0.0,0.0,0.0,0.0
65.897,0.0,0.0,0.0,0.0,0.0,0.0
65.918,0.0,0.0,0.0,0.0,0.0,0.0
65.939,0.0,0.0,0.0,0.0,0.0,0.0
65.975,0.0,0.0,0.0,0.0,0.0,0.0
65.996,0.0,0.0,0.0,0.0,0.0,0.0
66.017,0.0,0.0,0.0,0.0,0.0,0.0
66.038,0.0,0.0,0.0,0.0,0.0,0.0
66.059,0.0,0.0,0.0,0.0,0.0,0.0
66.094,0.0,0.0,0.0,0.0,0.0,0.0
66.116,0.0,0.0,0.0,0.0,0.0,0.0
66.137,0.0,0.0,0.0,0.0,0.0,0.0
66.158,0.0,0.0,0.0,0.0,0.0,0.0
66.179,0.0,0.0,0.0,0.0,0.0,0.0
66.215,0.0,0.0,0.0,0.0,0.0,0.0
66.236,0.0,0.0,0.0,0.0,0.0,0.0
66.257,0.0,0.0,0.0,0.0,0.0,0.0
66.278,0.0,0.0,0.0,0.0,0.0,0.0
66.299,0.0,0.0,0.0,0.0,0.0,0.0
66.335,0.0,0.0,0.0,0.0,0.0,0.0
66.356,0.0,0.0,0.0,0.0,0.0,0.0
66.377,0.0,0.0,0.0,0.0,0.0,0.0
66.398,0.0,0.0,0.0,0.0,0.0,0.0
66.419,0.0,0.0,0.0,0.0,0.0,0.0
66.454,0.0,0.0,0.0,0.0,0.0,0.0
66.475,0.0,0.0,0.0,0.0,0.0,0.0
66.496,0.0,0.0,0.0,0.0,0.0,0.0
66.517,0.0,0.0,0.0,0.0,0.0,0.0
66.538,0.0,0.0,0.0,0.0,0.0,0.0
66.573,0.0,0.0,0.0,0.0,0.0,0.0
66.594,0.0,0.0,0.0,0.0,0.0,0.0
66.615,0.0,0.0,0.0,0.0,0.0,0.0
66.636,0.0,0.0,0.0,0.0,0.0,0.0
66.657,0.0,0.0,0.0,0.0,0.0,0.0
66.693,0.0,0.0,0.0,0.0,0.0,0.0
66.714,0.0,0.0,0.0,0.0,0.0,0.0
66.735,0.0,0.0,0.0,0.0,0.0,0.0
66.756,0.0,0.0,0.0,0.0,0.0,0.0
66.778,0.0,0.0,0.0,0.0,0.0,0.0
66.813,0.0,0.0,0.0,0.0,0.0,0.0
66.834,0.0,0.0,0.0,0.0,0.0,0.0
66.855,0.0,0.0,0.0,0.0,0.0,0.0
66.876,0.0,0.0,0.0,0.0,0.0,0.0
66.897,0.0,0.0,0.0,0.0,0.0,0.0
66.934,0.0,0.0,0.0,0.0,0.0,0.0
66.955,0.0,0.0,0.0,0.0,0.0,0.0
66.976,0.0,0.0,0.0,0.0,0.0,0.0
66.997,0.0,0.0,0.0,0.0,0.0,0.0
67.018,0.0,0.0,0.0,0.0,0.0,0.0
67.054,0.0,0.0,0.0,0.0,0.0,0.0
67.075,0.0,0.0,0.0,0.0,0.0,0.0
67.096,0.0,0.0,0.0,0.0,0.0,0.0
67.117,0.0,0.0,0.0,0.0,0.0,0.0
67.138,0.0,0.0,0.0,0.0,0.0,0.0
67.174,0.0,0.0,0.0,0.0,0.0,0.0
67.195,0.0,0.0,0.0,0.0,0.0,0.0
67.216,0.0,0.0,0.0,0.0,0.0,0.0
67.237,0.0,0.0,0.0,0.0,0.0,0.0
67.258,0.0,0.0,0.0,0.0,0.0,0.0
67.294,0.0,0.0,0.0,0.0,0.0,0.0
67.315,0.0,0.0,0.0,0.0,0.0,0.0
67.336,0.0,0.0,0.0,0.0,0.0,0.0
67.357,0.0,0.0,0.0,0.0,0.0,0.0
67.378,0.0,0.0,0.0,0.0,0.0,0.0
67.414,0.0,0.0,0.0,0.0,0.0,0.0
67.435,0.0,0.0,0.0,0.0,0.0,0.0
67.456,0.0,0.0,0.0,0.0,0.0,0.0
67.477,0.0,0.0,0.0,0.0,0.0,0.0
67.498,0.0,0.0,0.0,0.0,0.0,0.0
67.534,0.0,0.0,0.0,0.0,0.0,0.0
67.555,0.0,0.0,0.0,0.0,0.0,0.0
67.576,0.0,0.0,0.0,0.0,0.0,0.0
67.597,0.0,0.0,0.0,0.0,0.0,0.0
67.618,0.0,0.0,0.0,0.0,0.0,0.0
67.653,0.0,0.0,0.0,0.0,0.0,0.0
67.674,0.0,0.0,0.0,0.0,0.0,0.0
67.695,0.0,0.0,0.0,0.0,0.0,0.0
67.716,0.0,0.0,0.0,0.0,0.0,0.0
67.737,0.0,0.0,0.0,0.0,0.0,0.0
67.773,0.0,0.0,0.0,0.0,0.0,0.0
67.794,0.0,0.0,0.0,0.0,0.0,0.0
67.815,0.0,0.0,0.0,0.0,0.0,0.0
67.836,0.0,0.0,0.0,0.0,0.0,0.0
67.857,0.0,0.0,0.0,0.0,0.0,0.0
67.893,0.0,0.0,0.0,0.0,0.0,0.0
67.914,0.0,0.0,0.0,0.0,0.0,0.0
67.935,0.0,0.0,0.0,0.0,0.0,0.0
67.956,0.0,0.0,0.0,0.0,0.0,0.0
67.977,0.0,0.0,0.0,0.0,0.0,0.0
68.011,0.0,0.0,0.0,0.0,0.0,0.0
68.032,0.0,0.0,0.0,0.0,0.0,0.0
68.053,0.0,0.0,0.0,0.0,0.0,0.0
68.074,0.0,0.0,0.0,0.0,0.0,0.0
68.095,0.0,0.0,0.0,0.0,0.0,0.0
68.131,0.0,0.0,0.0,0.0,0.0,0.0
68.152,0.0,0.0,0.0,0.0,0.0,0.0
68.173,0.0,0.0,0.0,0.0,0.0,0.0
68.194,0.0,0.0,0.0,0.0,0.0,0.0
68.215,0.0,0.0,0.0,0.0,0.0,0.0
68.252,0.0,0.0,0.0,0.0,0.0,0.0
68.273,0.0,0.0,0.0,0.0,0.0,0.0
68.294,0.0,0.0,0.0,0.0,0.0,0.0
68.315,0.0,0.0,0.0,0.0,0.0,0.0
68.336,0.0,0.0,0.0,0.0,0.0,0.0
68.372,0.0,0.0,0.0,0.0,0.0,0.0
68.393,0.0,0.0,0.0,0.0,0.0,0.0
68.414,0.0,0.0,0.0,0.0,0.0,0.0
68.435,0.0,0.0,0.0,0.0,0.0,0.0
68.456,0.0,0.0,0.0,0.0,0.0,0.0
68.492,0.0,0.0,0.0,0.0,0.0,0.0
68.512,0.0,0.0,0.0,0.0,0.0,0.0
68.533,0.0,0.0,0.0,0.0,0.0,0.0
68.554,0.0,0.0,0.0,0.0,0.0,0.0
68.575,0.0,0.0,0.0,0.0,0.0,0.0
68.611,0.0,0.0,0.0,0.0,0.0,0.0
68.632,0.0,0.0,0.0,0.0,0.0,0.0
68.653,0.0,0.0,0.0,0.0,0.0,0.0
68.674,0.0,0.0,0.0,0.0,0.0,0.0
68.695,0.0,0.0,0.0,0.0,0.0,0.0
68.731,0.0,0.0,0.0,0.0,0.0,0.0
68.752,0.0,0.0,0.0,0.0,0.0,0.0
68.773,0.0,0.0,0.0,0.0,0.0,0.0
68.794,0.0,0.0,0.0,0.0,0.0,0.0
68.815,0.0,0.0,0.0,0.0,0.0,0.0
68.85,0.0,0.0,0.0,0.0,0.0,0.0
68.871,0.0,0.0,0.0,0.0,0.0,0.0
68.892,0.0,0.0,0.0,0.0,0.0,0.0
68.913,0.0,0.0,0.0,0.0,0.0,0.0
68.934,0.0,0.0,0.0,0.0,0.0,0.0
68.969,0.0,0.0,0.0,0.0,0.0,0.0
68.99,0.0,0.0,0.0,0.0,0.0,0.0
69.011,0.0,0.0,0.0,0.0,0.0,0.0
69.032,0.0,0.0,0.0,0.0,0.0,0.0
69.053,0.0,0.0,0.0,0.0,0.0,0.0
69.088,0.0,0.0,0.0,0.0,0.0,0.0
69.109,0.0,0.0,0.0,0.0,0.0,0.0
69.13,0.0,0.0,0.0,0.0,0.0,0.0
69.151,0.0,0.0,0.0,0.0,0.0,0.0
69.172,0.0,0.0,0.0,0.0,0.0,0.0
69.209,0.0,0.0,0.0,0.0,0.0,0.0
69.23,0.0,0.0,0.0,0.0,0.0,0.0
69.251,0.0,0.0,0.0,0.0,0.0,0.0
69.272,0.0,0.0,0.0,0.0,0.0,0.0
69.292,0.0,0.0,0.0,0.0,0.0,0.0
69.328,0.0,0.0,0.0,0.0,0.0,0.0
69.349,0.0,0.0,0.0,0.0,0.0,0.0
69.37,0.0,0.0,0.0,0.0,0.0,0.0
69.391,0.0,0.0,0.0,0.0,0.0,0.0
69.412,0.0,0.0,0.0,0.0,0.0,0.0
69.448,0.0,0.0,0.0,0.0,0.0,0.0
69.469,0.0,0.0,0.0,0.0,0.0,0.0
69.49,0.0,0.0,0.0,0.0,0.0,0.0
69.511,0.0,0.0,0.0,0.0,0.0,0.0
69.532,0.0,0.0,0.0,0.0,0.0,0.0
69.568,0.0,0.0,0.0,0.0,0.0,0.0
69.589,0.0,0.0,0.0,0.0,0.0,0.0
69.61,0.0,0.0,0.0,0.0,0.0,0.0
69.631,0.0,0.0,0.0,0.0,0.0,0.0
69.652,0.0,0.0,0.0,0.0,0.0,0.0
69.689,0.0,0.0,0.0,0.0,0.0,0.0
69.71,0.0,0.0,0.0,0.0,0.0,0.0
69.731,0.0,0.0,0.0,0.0,0.0,0.0
69.752,0.0,0.0,0.0,0.0,0.0,0.0
69.785,0.0,0.0,0.0,0.0,0.0,0.0
69.806,0.0,0.0,0.0,0.0,0.0,0.0
69.827,0.0,0.0,0.0,0.0,0.0,0.0
69.848,0.0,0.0,0.0,0.0,0.0,0.0
69.869,0.0,0.0,0.0,0.0,0.0,0.0
69.904,0.0,0.0,0.0,0.0,0.0,0.0
69.925,0.0,0.0,0.0,0.0,0.0,0.0
69.946,0.0,0.0,0.0,0.0,0.0,0.0
69.967,0.0,0.0,0.0,0.0,0.0,0.0
69.988,0.0,0.0,0.0,0.0,0.0,0.0
70.022,0.0,0.0,0.0,0.0,0.0,0.0
70.043,0.0,0.0,0.0,0.0,0.0,0.0
70.064,0.0,0.0,0.0,0.0,0.0,0.0
70.085,0.0,0.0,0.0,0.0,0.0,0.0
70.106,0.0,0.0,0.0,0.0,0.0,0.0
70.142,0.0,0.0,0.0,0.0,0.0,0.0
70.163,0.0,0.0,0.0,0.0,0.0,0.0
70.184,0.0,0.0,0.0,0.0,0.0,0.0
70.205,0.0,0.0,0.0,0.0,0.0,0.0
70.226,0.0,0.0,0.0,0.0,0.0,0.0
70.262,0.0,0.0,0.0,0.0,0.0,0.0
70.283,0.0,0.0,0.0,0.0,0.0,0.0
70.304,0.0,0.0,0.0,0.0,0.0,0.0
70.325,0.0,0.0,0.0,0.0,0.0,0.0
70.346,0.0,0.0,0.0,0.0,0.0,0.0
70.382,0.0,0.0,0.0,0.0,0.0,0.0
70.403,0.0,0.0,0.0,0.0,0.0,0.0
70.424,0.0,0.0,0.0,0.0,0.0,0.0
70.445,0.0,0.0,0.0,0.0,0.0,0.0
70.466,0.0,0.0,0.0,0.0,0.0,0.0
70.501,0.0,0.0,0.0,0.0,0.0,0.0
70.522,0.0,0.0,0.0,0.0,0.0,0.0
70.543,0.0,0.0,0.0,0.0,0.0,0.0
70.564,0.0,0.0,0.0,0.0,0.0,0.0
70.585,0.0,0.0,0.0,0.0,0.0,0.0
70.62,0.0,0.0,0.0,0.0,0.0,0.0
70.641,0.0,0.0,0.0,0.0,0.0,0.0
70.662,0.0,0.0,0.0,0.0,0.0,0.0
70.683,0.0,0.0,0.0,0.0,0.0,0.0
70.704,0.0,0.0,0.0,0.0,0.0,0.0
70.739,0.0,0.0,0.0,0.0,0.0,0.0
70.76,0.0,0.0,0.0,0.0,0.0,0.0
70.781,0.0,0.0,0.0,0.0,0.0,0.0
70.802,0.0,0.0,0.0,0.0,0.0,0.0
70.823,0.0,0.0,0.0,0.0,0.0,0.0
70.859,0.0,0.0,0.0,0.0,0.0,0.0
70.88,0.0,0.0,0.0,0.0,0.0,0.0
70.901,0.0,0.0,0.0,0.0,0.0,0.0
70.922,0.0,0.0,0.0,0.0,0.0,0.0
70.943,0.0,0.0,0.0,0.0,0.0,0.0
70.978,0.0,0.0,0.0,0.0,0.0,0.0
70.999,0.0,0.0,0.0,0.0,0.0,0.0
71.02,0.0,0.0,0.0,0.0,0.0,0.0
71.041,0.0,0.0,0.0,0.0,0.0,0.0
71.062,0.0,0.0,0.0,0.0,0.0,0.0
71.097,0.0,0.0,0.0,0.0,0.0,0.0
71.118,0.0,0.0,0.0,0.0,0.0,0.0
71.139,0.0,0.0,0.0,0.0,0.0,0.0
71.16,0.0,0.0,0.0,0.0,0.0,0.0
71.181,0.0,0.0,0.0,0.0,0.0,0.0
71.215,0.0,0.0,0.0,0.0,0.0,0.0
71.236,0.0,0.0,0.0,0.0,0.0,0.0
71.257,0.0,0.0,0.0,0.0,0.0,0.0
71.278,0.0,0.0,0.0,0.0,0.0,0.0
71.3,0.0,0.0,0.0,0.0,0.0,0.0
71.335,0.0,0.0,0.0,0.0,0.0,0.0
71.356,0.0,0.0,0.0,0.0,0.0,0.0
71.377,0.0,0.0,0.0,0.0,0.0,0.0
71.398,0.0,0.0,0.0,0.0,0.0,0.0
71.419,0.0,0.0,0.0,0.0,0.0,0.0
71.454,0.0,0.0,0.0,0.0,0.0,0.0
71.475,0.0,0.0,0.0,0.0,0.0,0.0
71.496,0.0,0.0,0.0,0.0,0.0,0.0
71.517,0.0,0.0,0.0,0.0,0.0,0.0
71.538,0.0,0.0,0.0,0.0,0.0,0.0
71.573,0.0,0.0,0.0,0.0,0.0,0.0
71.594,0.0,0.0,0.0,0.0,0.0,0.0
71.615,0.0,0.0,0.0,0.0,0.0,0.0
71.636,0.0,0.0,0.0,0.0,0.0,0.0
71.657,0.0,0.0,0.0,0.0,0.0,0.0
71.692,0.0,0.0,0.0,0.0,0.0,0.0
71.713,0.0,0.0,0.0,0.0,0.0,0.0
71.734,0.0,0.0,0.0,0.0,0.0,0.0
71.755,0.0,0.0,0.0,0.0,0.0,0.0
71.776,0.0,0.0,0.0,0.0,0.0,0.0
71.811,0.0,0.0,0.0,0.0,0.0,0.0
71.832,0.0,0.0,0.0,0.0,0.0,0.0
71.853,0.0,0.0,0.0,0.0,0.0,0.0
71.874,0.0,0.0,0.0,0.0,0.0,0.0
71.895,0.0,0.0,0.0,0.0,0.0,0.0
71.93,0.0,0.0,0.0,0.0,0.0,0.0
71.951,0.0,0.0,0.0,0.0,0.0,0.0
71.972,0.0,0.0,0.0,0.0,0.0,0.0
71.993,0.0,0.0,0.0,0.0,0.0,0.0
72.014,0.0,0.0,0.0,0.0,0.0,0.0
72.05,0.0,0.0,0.0,0.0,0.0,0.0
72.071,0.0,0.0,0.0,0.0,0.0,0.0
72.092,0.0,0.0,0.0,0.0,0.0,0.0
72.112,0.0,0.0,0.0,0.0,0.0,0.0
72.133,0.0,0.0,0.0,0.0,0.0,0.0
72.169,0.0,0.0,0.0,0.0,0.0,0.0
72.19,0.0,0.0,0.0,0.0,0.0,0.0
72.211,0.0,0.0,0.0,0.0,0.0,0.0
72.232,0.0,0.0,0.0,0.0,0.0,0.0
72.253,0.0,0.0,0.0,0.0,0.0,0.0
72.289,0.0,0.0,0.0,0.0,0.0,0.0
72.31,0.0,0.0,0.0,0.0,0.0,0.0
72.331,0.0,0.0,0.0,0.0,0.0,0.0
72.352,0.0,0.0,0.0,0.0,0.0,0.0
72.373,0.0,0.0,0.0,0.0,0.0,0.0
72.41,0.0,0.0,0.0,0.0,0.0,0.0
72.431,0.0,0.0,0.0,0.0,0.0,0.0
72.452,0.0,0.0,0.0,0.0,0.0,0.0
72.473,0.0,0.0,0.0,0.0,0.0,0.0
72.494,0.0,0.0,0.0,0.0,0.0,0.0
72.531,0.0,0.0,0.0,0.0,0.0,0.0
72.552,0.0,0.0,0.0,0.0,0.0,0.0
72.573,0.0,0.0,0.0,0.0,0.0,0.0
72.594,0.0,0.0,0.0,0.0,0.0,0.0
72.615,0.0,0.0,0.0,0.0,0.0,0.0
72.651,0.0,0.0,0.0,0.0,0.0,0.0
72.672,0.0,0.0,0.0,0.0,0.0,0.0
72.693,0.0,0.0,0.0,0.0,0.0,0.0
72.714,0.0,0.0,0.0,0.0,0.0,0.0
72.735,0.0,0.0,0.0,0.0,0.0,0.0
72.771,0.0,0.0,0.0,0.0,0.0,0.0
72.792,0.0,0.0,0.0,0.0,0.0,0.0
72.813,0.0,0.0,0.0,0.0,0.0,0.0
72.834,0.0,0.0,0.0,0.0,0.0,0.0
72.855,0.0,0.0,0.0,0.0,0.0,0.0
72.89,0.0,0.0,0.0,0.0,0.0,0.0
72.911,0.0,0.0,0.0,0.0,0.0,0.0
72.932,0.0,0.0,0.0,0.0,0.0,0.0
72.953,0.0,0.0,0.0,0.0,0.0,0.0
72.974,0.0,0.0,0.0,0.0,0.0,0.0
73.01,0.0,0.0,0.0,0.0,0.0,0.0
73.032,0.0,0.0,0.0,0.0,0.0,0.0
73.053,0.0,0.0,0.0,0.0,0.0,0.0
73.074,0.0,0.0,0.0,0.0,0.0,0.0
73.095,0.0,0.0,0.0,0.0,0.0,0.0
73.131,0.0,0.0,0.0,0.0,0.0,0.0
73.152,0.0,0.0,0.0,0.0,0.0,0.0
73.173,0.0,0.0,0.0,0.0,0.0,0.0
73.194,0.0,0.0,0.0,0.0,0.0,0.0
73.215,0.0,0.0,0.0,0.0,0.0,0.0
73.251,0.0,0.0,0.0,0.0,0.0,0.0
73.272,0.0,0.0,0.0,0.0,0.0,0.0
73.293,0.0,0.0,0.0,0.0,0.0,0.0
73.314,0.0,0.0,0.0,0.0,0.0,0.0
73.335,0.0,0.0,0.0,0.0,0.0,0.0
73.371,0.0,0.0,0.0,0.0,0.0,0.0
73.392,0.0,0.0,0.0,0.0,0.0,0.0
73.413,0.0,0.0,0.0,0.0,0.0,0.0
73.433,0.0,0.0,0.0,0.0,0.0,0.0
73.455,0.0,0.0,0.0,0.0,0.0,0.0
73.491,0.0,0.0,0.0,0.0,0.0,0.0
73.512,0.0,0.0,0.0,0.0,0.0,0.0
73.533,0.0,0.0,0.0,0.0,0.0,0.0
73.554,0.0,0.0,0.0,0.0,0.0,0.0
73.575,0.0,0.0,0.0,0.0,0.0,0.0
73.608,0.0,0.0,0.0,0.0,0.0,0.0
73.629,0.0,0.0,0.0,0.0,0.0,0.0
73.649,0.0,0.0,0.0,0.0,0.0,0.0
73.67,0.0,0.0,0.0,0.0,0.0,0.0
73.691,0.0,0.0,0.0,0.0,0.0,0.0
73.73,0.0,0.0,0.0,0.0,0.0,0.0
73.751,0.0,0.0,0.0,0.0,0.0,0.0
73.772,0.0,0.0,0.0,0.0,0.0,0.0
73.792,0.0,0.0,0.0,0.0,0.0,0.0
73.826,0.0,0.0,0.0,0.0,0.0,0.0
73.847,0.0,0.0,0.0,0.0,0.0,0.0
73.868,0.0,0.0,0.0,0.0,0.0,0.0
73.889,0.0,0.0,0.0,0.0,0.0,0.0
73.91,0.0,0.0,0.0,0.0,0.0,0.0
73.944,0.0,0.0,0.0,0.0,0.0,0.0
73.965,0.0,0.0,0.0,0.0,0.0,0.0
73.986,0.0,0.0,0.0,0.0,0.0,0.0
74.007,0.0,0.0,0.0,0.0,0.0,0.0
74.028,0.0,0.0,0.0,0.0,0.0,0.0
74.064,0.0,0.0,0.0,0.0,0.0,0.0
74.085,0.0,0.0,0.0,0.0,0.0,0.0
74.106,0.0,0.0,0.0,0.0,0.0,0.0
74.127,0.0,0.0,0.0,0.0,0.0,0.0
74.148,0.0,0.0,0.0,0.0,0.0,0.0
74.184,0.0,0.0,0.0,0.0,0.0,0.0
74.205,0.0,0.0,0.0,0.0,0.0,0.0
74.225,0.0,0.0,0.0,0.0,0.0,0.0
74.246,0.0,0.0,0.0,0.0,0.0,0.0
74.267,0.0,0.0,0.0,0.0,0.0,0.0
74.303,0.0,0.0,0.0,0.0,0.0,0.0
74.324,0.0,0.0,0.0,0.0,0.0,0.0
74.345,0.0,0.0,0.0,0.0,0.0,0.0
74.366,0.0,0.0,0.0,0.0,0.0,0.0
74.387,0.0,0.0,0.0,0.0,0.0,0.0
74.423,0.0,0.0,0.0,0.0,0.0,0.0
74.444,0.0,0.0,0.0,0.0,0.0,0.0
74.465,0.0,0.0,0.0,0.0,0.0,0.0
74.486,0.0,0.0,0.0,0.0,0.0,0.0
74.507,0.0,0.0,0.0,0.0,0.0,0.0
74.542,0.0,0.0,0.0,0.0,0.0,0.0
74.563,0.0,0.0,0.0,0.0,0.0,0.0
74.584,0.0,0.0,0.0,0.0,0.0,0.0
74.605,0.0,0.0,0.0,0.0,0.0,0.0
74.626,0.0,0.0,0.0,0.0,0.0,0.0
74.661,0.0,0.0,0.0,0.0,0.0,0.0
74.682,0.0,0.0,0.0,0.0,0.0,0.0
74.703,0.0,0.0,0.0,0.0,0.0,0.0
74.724,0.0,0.0,0.0,0.0,0.0,0.0
74.745,0.0,0.0,0.0,0.0,0.0,0.0
74.78,0.0,0.0,0.0,0.0,0.0,0.0
74.801,0.0,0.0,0.0,0.0,0.0,0.0
74.822,0.0,0.0,0.0,0.0,0.0,0.0
74.843,0.0,0.0,0.0,0.0,0.0,0.0
74.864,0.0,0.0,0.0,0.0,0.0,0.0
74.9,0.0,0.0,0.0,0.0,0.0,0.0
74.921,0.0,0.0,0.0,0.0,0.0,0.0
74.941,0.0,0.0,0.0,0.0,0.0,0.0
74.962,0.0,0.0,0.0,0.0,0.0,0.0
74.983,0.0,0.0,0.0,0.0,0.0,0.0
75.018,0.0,0.0,0.0,0.0,0.0,0.0
75.039,0.0,0.0,0.0,0.0,0.0,0.0
75.06,0.0,0.0,0.0,0.0,0.0,0.0
75.081,0.0,0.0,0.0,0.0,0.0,0.0
75.102,0.0,0.0,0.0,0.0,0.0,0.0
75.138,0.0,0.0,0.0,0.0,0.0,0.0
75.159,0.0,0.0,0.0,0.0,0.0,0.0
75.179,0.0,0.0,0.0,0.0,0.0,0.0
75.2,0.0,0.0,0.0,0.0,0.0,0.0
75.221,0.0,0.0,0.0,0.0,0.0,0.0
75.256,0.0,0.0,0.0,0.0,0.0,0.0
75.277,0.0,0.0,0.0,0.0,0.0,0.0
75.298,0.0,0.0,0.0,0.0,0.0,0.0
75.319,0.0,0.0,0.0,0.0,0.0,0.0
75.341,0.0,0.0,0.0,0.0,0.0,0.0
75.375,0.0,0.0,0.0,0.0,0.0,0.0
75.396,0.0,0.0,0.0,0.0,0.0,0.0
75.417,0.0,0.0,0.0,0.0,0.0,0.0
75.438,0.0,0.0,0.0,0.0,0.0,0.0
75.459,0.0,0.0,0.0,0.0,0.0,0.0
75.495,0.0,0.0,0.0,0.0,0.0,0.0
75.516,0.0,0.0,0.0,0.0,0.0,0.0
75.537,0.0,0.0,0.0,0.0,0.0,0.0
75.558,0.0,0.0,0.0,0.0,0.0,0.0
75.579,0.0,0.0,0.0,0.0,0.0,0.0
75.614,0.0,0.0,0.0,0.0,0.0,0.0
75.635,0.0,0.0,0.0,0.0,0.0,0.0
75.656,0.0,0.0,0.0,0.0,0.0,0.0
75.677,0.0,0.0,0.0,0.0,0.0,0.0
75.698,0.0,0.0,0.0,0.0,0.0,0.0
75.734,0.0,0.0,0.0,0.0,0.0,0.0
75.755,0.0,0.0,0.0,0.0,0.0,0.0
75.776,0.0,0.0,0.0,0.0,0.0,0.0
75.797,0.0,0.0,0.0,0.0,0.0,0.0
75.818,0.0,0.0,0.0,0.0,0.0,0.0
75.854,0.0,0.0,0.0,0.0,0.0,0.0
75.875,0.0,0.0,0.0,0.0,0.0,0.0
75.896,0.0,0.0,0.0,0.0,0.0,0.0
75.917,0.0,0.0,0.0,0.0,0.0,0.0
75.938,0.0,0.0,0.0,0.0,0.0,0.0
75.973,0.0,0.0,0.0,0.0,0.0,0.0
75.994,0.0,0.0,0.0,0.0,0.0,0.0
76.015,0.0,0.0,0.0,0.0,0.0,0.0
76.036,0.0,0.0,0.0,0.0,0.0,0.0
76.057,0.0,0.0,0.0,0.0,0.0,0.0
76.093,0.0,0.0,0.0,0.0,0.0,0.0
76.114,0.0,0.0,0.0,0.0,0.0,0.0
76.135,0.0,0.0,0.0,0.0,0.0,0.0
76.157,0.0,0.0,0.0,0.0,0.0,0.0
76.178,0.0,0.0,0.0,0.0,0.0,0.0
76.214,0.0,0.0,0.0,0.0,0.0,0.0
76.235,0.0,0.0,0.0,0.0,0.0,0.0
76.256,0.0,0.0,0.0,0.0,0.0,0.0
76.277,0.0,0.0,0.0,0.0,0.0,0.0
76.298,0.0,0.0,0.0,0.0,0.0,0.0
76.335,0.0,0.0,0.0,0.0,0.0,0.0
76.356,0.0,0.0,0.0,0.0,0.0,0.0
76.377,0.0,0.0,0.0,0.0,0.0,0.0
76.398,0.0,0.0,0.0,0.0,0.0,0.0
76.419,0.0,0.0,0.0,0.0,0.0,0.0
76.453,0.0,0.0,0.0,0.0,0.0,0.0
76.474,0.0,0.0,0.0,0.0,0.0,0.0
76.495,0.0,0.0,0.0,0.0,0.0,0.0
76.516,0.0,0.0,0.0,0.0,0.0,0.0
76.537,0.0,0.0,0.0,0.0,0.0,0.0
76.573,0.0,0.0,0.0,0.0,0.0,0.0
76.594,0.0,0.0,0.0,0.0,0.0,0.0
76.615,0.0,0.0,0.0,0.0,0.0,0.0
76.636,0.0,0.0,0.0,0.0,0.0,0.0
76.657,0.0,0.0,0.0,0.0,0.0,0.0
76.693,0.0,0.0,0.0,0.0,0.0,0.0
76.714,0.0,0.0,0.0,0.0,0.0,0.0
76.735,0.0,0.0,0.0,0.0,0.0,0.0
76.756,0.0,0.0,0.0,0.0,0.0,0.0
76.777,0.0,0.0,0.0,0.0,0.0,0.0
76.813,0.0,0.0,0.0,0.0,0.0,0.0
76.834,0.0,0.0,0.0,0.0,0.0,0.0
76.855,0.0,0.0,0.0,0.0,0.0,0.0
76.876,0.0,0.0,0.0,0.0,0.0,0.0
76.897,0.0,0.0,0.0,0.0,0.0,0.0
76.934,0.0,0.0,0.0,0.0,0.0,0.0
76.955,0.0,0.0,0.0,0.0,0.0,0.0
76.976,0.0,0.0,0.0,0.0,0.0,0.0
76.997,0.0,0.0,0.0,0.0,0.0,0.0
77.018,0.0,0.0,0.0,0.0,0.0,0.0
77.054,0.0,0.0,0.0,0.0,0.0,0.0
77.075,0.0,0.0,0.0,0.0,0.0,0.0
77.096,0.0,0.0,0.0,0.0,0.0,0.0
77.117,0.0,0.0,0.0,0.0,0.0,0.0
77.138,0.0,0.0,0.0,0.0,0.0,0.0
77.173,0.0,0.0,0.0,0.0,0.0,0.0
77.194,0.0,0.0,0.0,0.0,0.0,0.0
77.215,0.0,0.0,0.0,0.0,0.0,0.0
77.236,0.0,0.0,0.0,0.0,0.0,0.0
77.256,0.0,0.0,0.0,0.0,0.0,0.0
77.292,0.0,0.0,0.0,0.0,0.0,0.0
77.313,0.0,0.0,0.0,0.0,0.0,0.0
77.334,0.0,0.0,0.0,0.0,0.0,0.0
77.355,0.0,0.0,0.0,0.0,0.0,0.0
77.376,0.0,0.0,0.0,0.0,0.0,0.0
77.411,0.0,0.0,0.0,0.0,0.0,0.0
77.432,0.0,0.0,0.0,0.0,0.0,0.0
77.453,0.0,0.0,0.0,0.0,0.0,0.0
77.474,0.0,0.0,0.0,0.0,0.0,0.0
77.495,0.0,0.0,0.0,0.0,0.0,0.0
77.53,0.0,0.0,0.0,0.0,0.0,0.0
77.551,0.0,0.0,0.0,0.0,0.0,0.0
77.572,0.0,0.0,0.0,0.0,0.0,0.0
77.593,0.0,0.0,0.0,0.0,0.0,0.0
77.615,0.0,0.0,0.0,0.0,0.0,0.0
77.65,0.0,0.0,0.0,0.0,0.0,0.0
77.671,0.0,0.0,0.0,0.0,0.0,0.0
77.692,0.0,0.0,0.0,0.0,0.0,0.0
77.713,0.0,0.0,0.0,0.0,0.0,0.0
77.734,0.0,0.0,0.0,0.0,0.0,0.0
77.77,0.0,0.0,0.0,0.0,0.0,0.0
77.791,0.0,0.0,0.0,0.0,0.0,0.0
77.812,0.0,0.0,0.0,0.0,0.0,0.0
77.833,0.0,0.0,0.0,0.0,0.0,0.0
77.854,0.0,0.0,0.0,0.0,0.0,0.0
77.889,0.0,0.0,0.0,0.0,0.0,0.0
77.91,0.0,0.0,0.0,0.0,0.0,0.0
77.931,0.0,0.0,0.0,0.0,0.0,0.0
77.952,0.0,0.0,0.0,0.0,0.0,0.0
77.973,0.0,0.0,0.0,0.0,0.0,0.0
78.008,0.0,0.0,0.0,0.0,0.0,0.0
78.029,0.0,0.0,0.0,0.0,0.0,0.0
78.05,0.0,0.0,0.0,0.0,0.0,0.0
78.071,0.0,0.0,0.0,0.0,0.0,0.0
78.092,0.0,0.0,0.0,0.0,0.0,0.0
78.128,0.0,0.0,0.0,0.0,0.0,0.0
78.149,0.0,0.0,0.0,0.0,0.0,0.0
78.17,0.0,0.0,0.0,0.0,0.0,0.0
78.191,0.0,0.0,0.0,0.0,0.0,0.0
78.212,0.0,0.0,0.0,0.0,0.0,0.0
78.247,0.0,0.0,0.0,0.0,0.0,0.0
78.268,0.0,0.0,0.0,0.0,0.0,0.0
78.289,0.0,0.0,0.0,0.0,0.0,0.0
78.31,0.0,0.0,0.0,0.0,0.0,0.0
78.331,0.0,0.0,0.0,0.0,0.0,0.0
78.364,0.0,0.0,0.0,0.0,0.0,0.0
78.385,0.0,0.0,0.0,0.0,0.0,0.0
78.406,0.0,0.0,0.0,0.0,0.0,0.0
78.427,0.0,0.0,0.0,0.0,0.0,0.0
78.448,0.0,0.0,0.0,0.0,0.0,0.0
78.486,0.0,0.0,0.0,0.0,0.0,0.0
78.507,0.0,0.0,0.0,0.0,0.0,0.0
78.529,0.0,0.0,0.0,0.0,0.0,0.0
78.55,0.0,0.0,0.0,0.0,0.0,0.0
78.583,0.0,0.0,0.0,0.0,0.0,0.0
78.604,0.0,0.0,0.0,0.0,0.0,0.0
78.625,0.0,0.0,0.0,0.0,0.0,0.0
78.646,0.0,0.0,0.0,0.0,0.0,0.0
78.667,0.0,0.0,0.0,0.0,0.0,0.0
78.702,0.0,0.0,0.0,0.0,0.0,0.0
78.724,0.0,0.0,0.0,0.0,0.0,0.0
78.745,0.0,0.0,0.0,0.0,0.0,0.0
78.766,0.0,0.0,0.0,0.0,0.0,0.0
78.787,0.0,0.0,0.0,0.0,0.0,0.0
78.822,0.0,0.0,0.0,0.0,0.0,0.0
78.843,0.0,0.0,0.0,0.0,0.0,0.0
78.864,0.0,0.0,0.0,0.0,0.0,0.0
78.885,0.0,0.0,0.0,0.0,0.0,0.0
78.906,0.0,0.0,0.0,0.0,0.0,0.0
78.941,0.0,0.0,0.0,0.0,0.0,0.0
78.962,0.0,0.0,0.0,0.0,0.0,0.0
78.983,0.0,0.0,0.0,0.0,0.0,0.0
79.004,0.0,0.0,0.0,0.0,0.0,0.0
79.025,0.0,0.0,0.0,0.0,0.0,0.0
79.063,0.0,0.0,0.0,0.0,0.0,0.0
79.084,0.0,0.0,0.0,0.0,0.0,0.0
79.105,0.0,0.0,0.0,0.0,0.0,0.0
79.126,0.0,0.0,0.0,0.0,0.0,0.0
79.161,0.0,0.0,0.0,0.0,0.0,0.0
79.182,0.0,0.0,0.0,0.0,0.0,0.0
79.203,0.0,0.0,0.0,0.0,0.0,0.0
79.224,0.0,0.0,0.0,0.0,0.0,0.0
79.245,0.0,0.0,0.0,0.0,0.0,0.0
79.28,0.0,0.0,0.0,0.0,0.0,0.0
79.301,0.0,0.0,0.0,0.0,0.0,0.0
79.322,0.0,0.0,0.0,0.0,0.0,0.0
79.343,0.0,0.0,0.0,0.0,0.0,0.0
79.364,0.0,0.0,0.0,0.0,0.0,0.0
79.401,0.0,0.0,0.0,0.0,0.0,0.0
79.422,0.0,0.0,0.0,0.0,0.0,0.0
79.443,0.0,0.0,0.0,0.0,0.0,0.0
79.464,0.0,0.0,0.0,0.0,0.0,0.0
79.485,0.0,0.0,0.0,0.0,0.0,0.0
79.521,0.0,0.0,0.0,0.0,0.0,0.0
79.542,0.0,0.0,0.0,0.0,0.0,0.0
79.563,0.0,0.0,0.0,0.0,0.0,0.0
79.583,0.0,0.0,0.0,0.0,0.0,0.0
79.605,0.0,0.0,0.0,0.0,0.0,0.0
79.64,0.0,0.0,0.0,0.0,0.0,0.0
79.661,0.0,0.0,0.0,0.0,0.0,0.0
79.682,0.0,0.0,0.0,0.0,0.0,0.0
79.704,0.0,0.0,0.0,0.0,0.0,0.0
79.725,0.0,0.0,0.0,0.0,0.0,0.0
79.76,0.0,0.0,0.0,0.0,0.0,0.0
79.781,0.0,0.0,0.0,0.0,0.0,0.0
79.802,0.0,0.0,0.0,0.0,0.0,0.0
79.823,0.0,0.0,0.0,0.0,0.0,0.0
79.844,0.0,0.0,0.0,0.0,0.0,0.0
79.88,0.0,0.0,0.0,0.0,0.0,0.0
79.901,0.0,0.0,0.0,0.0,0.0,0.0
79.922,0.0,0.0,0.0,0.0,0.0,0.0
79.943,0.0,0.0,0.0,0.0,0.0,0.0
79.964,0.0,0.0,0.0,0.0,0.0,0.0
80.003,0.0,0.0,0.0,0.0,0.0,0.0
80.024,0.0,0.0,0.0,0.0,0.0,0.0
80.045,0.0,0.0,0.0,0.0,0.0,0.0
80.066,0.0,0.0,0.0,0.0,0.0,0.0
80.097,0.0,0.0,0.0,0.0,0.0,0.0
80.118,0.0,0.0,0.0,0.0,0.0,0.0
80.139,0.0,0.0,0.0,0.0,0.0,0.0
80.16,0.0,0.0,0.0,0.0,0.0,0.0
80.181,0.0,0.0,0.0,0.0,0.0,0.0
80.218,0.0,0.0,0.0,0.0,0.0,0.0
80.239,0.0,0.0,0.0,0.0,0.0,0.0
80.261,0.0,0.0,0.0,0.0,0.0,0.0
80.282,0.0,0.0,0.0,0.0,0.0,0.0
80.315,0.0,0.0,0.0,0.0,0.0,0.0
80.336,0.0,0.0,0.0,0.0,0.0,0.0
80.357,0.0,0.0,0.0,0.0,0.0,0.0
80.378,0.0,0.0,0.0,0.0,0.0,0.0
80.399,0.0,0.0,0.0,0.0,0.0,0.0
80.434,0.0,0.0,0.0,0.0,0.0,0.0
80.455,0.0,0.0,0.0,0.0,0.0,0.0
80.476,0.0,0.0,0.0,0.0,0.0,0.0
80.497,0.0,0.0,0.0,0.0,0.0,0.0
80.517,0.0,0.0,0.0,0.0,0.0,0.0
80.554,0.0,0.0,0.0,0.0,0.0,0.0
80.575,0.0,0.0,0.0,0.0,0.0,0.0
80.596,0.0,0.0,0.0,0.0,0.0,0.0
80.617,0.0,0.0,0.0,0.0,0.0,0.0
80.638,0.0,0.0,0.0,0.0,0.0,0.0
80.674,0.0,0.0,0.0,0.0,0.0,0.0
80.695,0.0,0.0,0.0,0.0,0.0,0.0
80.716,0.0,0.0,0.0,0.0,0.0,0.0
80.737,0.0,0.0,0.0,0.0,0.0,0.0
80.758,0.0,0.0,0.0,0.0,0.0,0.0
80.794,0.0,0.0,0.0,0.0,0.0,0.0
80.815,0.0,0.0,0.0,0.0,0.0,0.0
80.836,0.0,0.0,0.0,0.0,0.0,0.0
80.857,0.0,0.0,0.0,0.0,0.0,0.0
80.878,0.0,0.0,0.0,0.0,0.0,0.0
80.914,0.0,0.0,0.0,0.0,0.0,0.0
80.935,0.0,0.0,0.0,0.0,0.0,0.0
80.956,0.0,0.0,0.0,0.0,0.0,0.0
80.977,0.0,0.0,0.0,0.0,0.0,0.0
80.998,0.0,0.0,0.0,0.0,0.0,0.0
81.033,0.0,0.0,0.0,0.0,0.0,0.0
81.054,0.0,0.0,0.0,0.0,0.0,0.0
81.075,0.0,0.0,0.0,0.0,0.0,0.0
81.096,0.0,0.0,0.0,0.0,0.0,0.0
81.117,0.0,0.0,0.0,0.0,0.0,0.0
81.152,0.0,0.0,0.0,0.0,0.0,0.0
81.173,0.0,0.0,0.0,0.0,0.0,0.0
81.195,0.0,0.0,0.0,0.0,0.0,0.0
81.216,0.0,0.0,0.0,0.0,0.0,0.0
81.237,0.0,0.0,0.0,0.0,0.0,0.0
81.272,0.0,0.0,0.0,0.0,0.0,0.0
81.293,0.0,0.0,0.0,0.0,0.0,0.0
81.314,0.0,0.0,0.0,0.0,0.0,0.0
81.335,0.0,0.0,0.0,0.0,0.0,0.0
81.356,0.0,0.0,0.0,0.0,0.0,0.0
81.39,0.0,0.0,0.0,0.0,0.0,0.0
81.411,0.0,0.0,0.0,0.0,0.0,0.0
81.432,0.0,0.0,0.0,0.0,0.0,0.0
81.453,0.0,0.0,0.0,0.0,0.0,0.0
81.475,0.0,0.0,0.0,0.0,0.0,0.0
81.509,0.0,0.0,0.0,0.0,0.0,0.0
81.53,0.0,0.0,0.0,0.0,0.0,0.0
81.551,0.0,0.0,0.0,0.0,0.0,0.0
81.573,0.0,0.0,0.0,0.0,0.0,0.0
81.593,0.0,0.0,0.0,0.0,0.0,0.0
81.63,0.0,0.0,0.0,0.0,0.0,0.0
81.651,0.0,0.0,0.0,0.0,0.0,0.0
81.672,0.0,0.0,0.0,0.0,0.0,0.0
81.693,0.0,0.0,0.0,0.0,0.0,0.0
81.714,0.0,0.0,0.0,0.0,0.0,0.0
81.75,0.0,0.0,0.0,0.0,0.0,0.0
81.771,0.0,0.0,0.0,0.0,0.0,0.0
81.791,0.0,0.0,0.0,0.0,0.0,0.0
81.812,0.0,0.0,0.0,0.0,0.0,0.0
81.833,0.0,0.0,0.0,0.0,0.0,0.0
81.868,0.0,0.0,0.0,0.0,0.0,0.0
81.889,0.0,0.0,0.0,0.0,0.0,0.0
81.91,0.0,0.0,0.0,0.0,0.0,0.0
81.931,0.0,0.0,0.0,0.0,0.0,0.0
81.952,0.0,0.0,0.0,0.0,0.0,0.0
81.988,0.0,0.0,0.0,0.0,0.0,0.0
82.008,0.0,0.0,0.0,0.0,0.0,0.0
82.03,0.0,0.0,0.0,0.0,0.0,0.0
82.051,0.0,0.0,0.0,0.0,0.0,0.0
82.072,0.0,0.0,0.0,0.0,0.0,0.0
82.108,0.0,0.0,0.0,0.0,0.0,0.0
82.129,0.0,0.0,0.0,0.0,0.0,0.0
82.15,0.0,0.0,0.0,0.0,0.0,0.0
82.171,0.0,0.0,0.0,0.0,0.0,0.0
82.192,0.0,0.0,0.0,0.0,0.0,0.0
82.228,0.0,0.0,0.0,0.0,0.0,0.0
82.249,0.0,0.0,0.0,0.0,0.0,0.0
82.27,0.0,0.0,0.0,0.0,0.0,0.0
82.291,0.0,0.0,0.0,0.0,0.0,0.0
82.312,0.0,0.0,0.0,0.0,0.0,0.0
82.347,0.0,0.0,0.0,0.0,0.0,0.0
82.368,0.0,0.0,0.0,0.0,0.0,0.0
82.389,0.0,0.0,0.0,0.0,0.0,0.0
82.41,0.0,0.0,0.0,0.0,0.0,0.0
82.431,0.0,0.0,0.0,0.0,0.0,0.0
82.466,0.0,0.0,0.0,0.0,0.0,0.0
82.487,0.0,0.0,0.0,0.0,0.0,0.0
82.508,0.0,0.0,0.0,0.0,0.0,0.0
82.529,0.0,0.0,0.0,0.0,0.0,0.0
82.55,0.0,0.0,0.0,0.0,0.0,0.0
82.586,0.0,0.0,0.0,0.0,0.0,0.0
82.607,0.0,0.0,0.0,0.0,0.0,0.0
82.628,0.0,0.0,0.0,0.0,0.0,0.0
82.649,0.0,0.0,0.0,0.0,0.0,0.0
82.67,0.0,0.0,0.0,0.0,0.0,0.0
82.705,0.0,0.0,0.0,0.0,0.0,0.0
82.726,0.0,0.0,0.0,0.0,0.0,0.0
82.747,0.0,0.0,0.0,0.0,0.0,0.0
82.768,0.0,0.0,0.0,0.0,0.0,0.0
82.789,0.0,0.0,0.0,0.0,0.0,0.0
82.824,0.0,0.0,0.0,0.0,0.0,0.0
82.845,0.0,0.0,0.0,0.0,0.0,0.0
82.866,0.0,0.0,0.0,0.0,0.0,0.0
82.887,0.0,0.0,0.0,0.0,0.0,0.0
82.908,0.0,0.0,0.0,0.0,0.0,0.0
82.944,0.0,0.0,0.0,0.0,0.0,0.0
82.965,0.0,0.0,0.0,0.0,0.0,0.0
82.986,0.0,0.0,0.0,0.0,0.0,0.0
83.007,0.0,0.0,0.0,0.0,0.0,0.0
83.028,0.0,0.0,0.0,0.0,0.0,0.0
83.064,0.0,0.0,0.0,0.0,0.0,0.0
83.085,0.0,0.0,0.0,0.0,0.0,0.0
83.106,0.0,0.0,0.0,0.0,0.0,0.0
83.127,0.0,0.0,0.0,0.0,0.0,0.0
83.148,0.0,0.0,0.0,0.0,0.0,0.0
83.184,0.0,0.0,0.0,0.0,0.0,0.0
83.205,0.0,0.0,0.0,0.0,0.0,0.0
83.226,0.0,0.0,0.0,0.0,0.0,0.0
83.247,0.0,0.0,0.0,0.0,0.0,0.0
83.268,0.0,0.0,0.0,0.0,0.0,0.0
83.304,0.0,0.0,0.0,0.0,0.0,0.0
83.325,0.0,0.0,0.0,0.0,0.0,0.0
83.347,0.0,0.0,0.0,0.0,0.0,0.0
83.368,0.0,0.0,0.0,0.0,0.0,0.0
83.389,0.0,0.0,0.0,0.0,0.0,0.0
83.424,0.0,0.0,0.0,0.0,0.0,0.0
83.445,0.0,0.0,0.0,0.0,0.0,0.0
83.466,0.0,0.0,0.0,0.0,0.0,0.0
83.487,0.0,0.0,0.0,0.0,0.0,0.0
83.509,0.0,0.0,0.0,0.0,0.0,0.0
83.544,0.0,0.0,0.0,0.0,0.0,0.0
83.565,0.0,0.0,0.0,0.0,0.0,0.0
83.586,0.0,0.0,0.0,0.0,0.0,0.0
83.607,0.0,0.0,0.0,0.0,0.0,0.0
83.628,0.0,0.0,0.0,0.0,0.0,0.0
83.665,0.0,0.0,0.0,0.0,0.0,0.0
83.686,0.0,0.0,0.0,0.0,0.0,0.0
83.707,0.0,0.0,0.0,0.0,0.0,0.0
83.728,0.0,0.0,0.0,0.0,0.0,0.0
83.749,0.0,0.0,0.0,0.0,0.0,0.0
83.785,0.0,0.0,0.0,0.0,0.0,0.0
83.806,0.0,0.0,0.0,0.0,0.0,0.0
83.827,0.0,0.0,0.0,0.0,0.0,0.0
83.848,0.0,0.0,0.0,0.0,0.0,0.0
83.869,0.0,0.0,0.0,0.0,0.0,0.0
83.905,0.0,0.0,0.0,0.0,0.0,0.0
83.926,0.0,0.0,0.0,0.0,0.0,0.0
83.947,0.0,0.0,0.0,0.0,0.0,0.0
83.968,0.0,0.0,0.0,0.0,0.0,0.0
83.989,0.0,0.0,0.0,0.0,0.0,0.0
84.025,0.0,0.0,0.0,0.0,0.0,0.0
84.046,0.0,0.0,0.0,0.0,0.0,0.0
84.067,0.0,0.0,0.0,0.0,0.0,0.0
84.088,0.0,0.0,0.0,0.0,0.0,0.0
84.109,0.0,0.0,0.0,0.0,0.0,0.0
84.145,0.0,0.0,0.0,0.0,0.0,0.0
84.166,0.0,0.0,0.0,0.0,0.0,0.0
84.187,0.0,0.0,0.0,0.0,0.0,0.0
84.208,0.0,0.0,0.0,0.0,0.0,0.0
84.229,0.0,0.0,0.0,0.0,0.0,0.0
84.266,0.0,0.0,0.0,0.0,0.0,0.0
84.287,0.0,0.0,0.0,0.0,0.0,0.0
84.308,0.0,0.0,0.0,0.0,0.0,0.0
84.329,0.0,0.0,0.0,0.0,0.0,0.0
84.35,0.0,0.0,0.0,0.0,0.0,0.0
84.385,0.0,0.0,0.0,0.0,0.0,0.0
84.406,0.0,0.0,0.0,0.0,0.0,0.0
84.427,0.0,0.0,0.0,0.0,0.0,0.0
84.448,0.0,0.0,0.0,0.0,0.0,0.0
84.469,0.0,0.0,0.0,0.0,0.0,0.0
84.505,0.0,0.0,0.0,0.0,0.0,0.0
84.526,0.0,0.0,0.0,0.0,0.0,0.0
84.547,0.0,0.0,0.0,0.0,0.0,0.0
84.568,0.0,0.0,0.0,0.0,0.0,0.0
84.589,0.0,0.0,0.0,0.0,0.0,0.0
84.625,0.0,0.0,0.0,0.0,0.0,0.0
84.646,0.0,0.0,0.0,0.0,0.0,0.0
84.667,0.0,0.0,0.0,0.0,0.0,0.0
84.687,0.0,0.0,0.0,0.0,0.0,0.0
84.708,0.0,0.0,0.0,0.0,0.0,0.0
84.744,0.0,0.0,0.0,0.0,0.0,0.0
84.765,0.0,0.0,0.0,0.0,0.0,0.0
84.786,0.0,0.0,0.0,0.0,0.0,0.0
84.807,0.0,0.0,0.0,0.0,0.0,0.0
84.828,0.0,0.0,0.0,0.0,0.0,0.0
84.866,0.0,0.0,0.0,0.0,0.0,0.0
84.887,0.0,0.0,0.0,0.0,0.0,0.0
84.908,0.0,0.0,0.0,0.0,0.0,0.0
84.929,0.0,0.0,0.0,0.0,0.0,0.0
84.962,0.0,0.0,0.0,0.0,0.0,0.0
84.983,0.0,0.0,0.0,0.0,0.0,0.0
85.005,0.0,0.0,0.0,0.0,0.0,0.0
85.026,0.0,0.0,0.0,0.0,0.0,0.0
85.047,0.0,0.0,0.0,0.0,0.0,0.0
85.081,0.0,0.0,0.0,0.0,0.0,0.0
85.102,0.0,0.0,0.0,0.0,0.0,0.0
85.123,0.0,0.0,0.0,0.0,0.0,0.0
85.144,0.0,0.0,0.0,0.0,0.0,0.0
85.165,0.0,0.0,0.0,0.0,0.0,0.0
85.2,0.0,0.0,0.0,0.0,0.0,0.0
85.221,0.0,0.0,0.0,0.0,0.0,0.0
85.242,0.0,0.0,0.0,0.0,0.0,0.0
85.263,0.0,0.0,0.0,0.0,0.0,0.0
85.285,0.0,0.0,0.0,0.0,0.0,0.0
85.32,0.0,0.0,0.0,0.0,0.0,0.0
85.341,0.0,0.0,0.0,0.0,0.0,0.0
85.362,0.0,0.0,0.0,0.0,0.0,0.0
85.383,0.0,0.0,0.0,0.0,0.0,0.0
85.404,0.0,0.0,0.0,0.0,0.0,0.0
85.439,0.0,0.0,0.0,0.0,0.0,0.0
85.46,0.0,0.0,0.0,0.0,0.0,0.0
85.481,0.0,0.0,0.0,0.0,0.0,0.0
85.502,0.0,0.0,0.0,0.0,0.0,0.0
85.523,0.0,0.0,0.0,0.0,0.0,0.0
85.559,0.0,0.0,0.0,0.0,0.0,0.0
85.58,0.0,0.0,0.0,0.0,0.0,0.0
85.601,0.0,0.0,0.0,0.0,0.0,0.0
85.622,0.0,0.0,0.0,0.0,0.0,0.0
85.643,0.0,0.0,0.0,0.0,0.0,0.0
85.678,0.0,0.0,0.0,0.0,0.0,0.0
85.699,0.0,0.0,0.0,0.0,0.0,0.0
85.72,0.0,0.0,0.0,0.0,0.0,0.0
85.741,0.0,0.0,0.0,0.0,0.0,0.0
85.762,0.0,0.0,0.0,0.0,0.0,0.0
85.797,0.0,0.0,0.0,0.0,0.0,0.0
85.818,0.0,0.0,0.0,0.0,0.0,0.0
85.839,0.0,0.0,0.0,0.0,0.0,0.0
85.86,0.0,0.0,0.0,0.0,0.0,0.0
85.881,0.0,0.0,0.0,0.0,0.0,0.0
85.917,0.0,0.0,0.0,0.0,0.0,0.0
85.938,0.0,0.0,0.0,0.0,0.0,0.0
85.959,0.0,0.0,0.0,0.0,0.0,0.0
85.98,0.0,0.0,0.0,0.0,0.0,0.0
86.0,0.0,0.0,0.0,0.0,0.0,0.0
86.038,0.0,0.0,0.0,0.0,0.0,0.0
86.059,0.0,0.0,0.0,0.0,0.0,0.0
86.08,0.0,0.0,0.0,0.0,0.0,0.0
86.101,0.0,0.0,0.0,0.0,0.0,0.0
86.135,0.0,0.0,0.0,0.0,0.0,0.0
86.156,0.0,0.0,0.0,0.0,0.0,0.0
86.177,0.0,0.0,0.0,0.0,0.0,0.0
86.198,0.0,0.0,0.0,0.0,0.0,0.0
86.219,0.0,0.0,0.0,0.0,0.0,0.0
86.254,0.0,0.0,0.0,0.0,0.0,0.0
86.275,0.0,0.0,0.0,0.0,0.0,0.0
86.296,0.0,0.0,0.0,0.0,0.0,0.0
86.317,0.0,0.0,0.0,0.0,0.0,0.0
86.338,0.0,0.0,0.0,0.0,0.0,0.0
86.375,0.0,0.0,0.0,0.0,0.0,0.0
86.396,0.0,0.0,0.0,0.0,0.0,0.0
86.417,0.0,0.0,0.0,0.0,0.0,0.0
86.438,0.0,0.0,0.0,0.0,0.0,0.0
86.458,0.0,0.0,0.0,0.0,0.0,0.0
86.493,0.0,0.0,0.0,0.0,0.0,0.0
86.514,0.0,0.0,0.0,0.0,0.0,0.0
86.535,0.0,0.0,0.0,0.0,0.0,0.0
86.556,0.0,0.0,0.0,0.0,0.0,0.0
86.577,0.0,0.0,0.0,0.0,0.0,0.0
86.613,0.0,0.0,0.0,0.0,0.0,0.0
86.634,0.0,0.0,0.0,0.0,0.0,0.0
86.655,0.0,0.0,0.0,0.0,0.0,0.0
86.676,0.0,0.0,0.0,0.0,0.0,0.0
86.697,0.0,0.0,0.0,0.0,0.0,0.0
86.734,0.0,0.0,0.0,0.0,0.0,0.0
86.755,0.0,0.0,0.0,0.0,0.0,0.0
86.776,0.0,0.0,0.0,0.0,0.0,0.0
86.797,0.0,0.0,0.0,0.0,0.0,0.0
86.831,0.0,0.0,0.0,0.0,0.0,0.0
86.852,0.0,0.0,0.0,0.0,0.0,0.0
86.873,0.0,0.0,0.0,0.0,0.0,0.0
86.894,0.0,0.0,0.0,0.0,0.0,0.0
86.915,0.0,0.0,0.0,0.0,0.0,0.0
86.95,0.0,0.0,0.0,0.0,0.0,0.0
86.971,0.0,0.0,0.0,0.0,0.0,0.0
86.992,0.0,0.0,0.0,0.0,0.0,0.0
87.013,0.0,0.0,0.0,0.0,0.0,0.0
87.034,0.0,0.0,0.0,0.0,0.0,0.0
87.07,0.0,0.0,0.0,0.0,0.0,0.0
87.091,0.0,0.0,0.0,0.0,0.0,0.0
87.112,0.0,0.0,0.0,0.0,0.0,0.0
87.133,0.0,0.0,0.0,0.0,0.0,0.0
87.154,0.0,0.0,0.0,0.0,0.0,0.0
87.19,0.0,0.0,0.0,0.0,0.0,0.0
87.211,0.0,0.0,0.0,0.0,0.0,0.0
87.232,0.0,0.0,0.0,0.0,0.0,0.0
87.252,0.0,0.0,0.0,0.0,0.0,0.0
87.273,0.0,0.0,0.0,0.0,0.0,0.0
87.309,0.0,0.0,0.0,0.0,0.0,0.0
87.33,0.0,0.0,0.0,0.0,0.0,0.0
87.351,0.0,0.0,0.0,0.0,0.0,0.0
87.372,0.0,0.0,0.0,0.0,0.0,0.0
87.393,0.0,0.0,0.0,0.0,0.0,0.0
87.429,0.0,0.0,0.0,0.0,0.0,0.0
87.45,0.0,0.0,0.0,0.0,0.0,0.0
87.471,0.0,0.0,0.0,0.0,0.0,0.0
87.492,0.0,0.0,0.0,0.0,0.0,0.0
87.513,0.0,0.0,0.0,0.0,0.0,0.0
87.549,0.0,0.0,0.0,0.0,0.0,0.0
87.57,0.0,0.0,0.0,0.0,0.0,0.0
87.591,0.0,0.0,0.0,0.0,0.0,0.0
87.612,0.0,0.0,0.0,0.0,0.0,0.0
87.633,0.0,0.0,0.0,0.0,0.0,0.0
87.667,0.0,0.0,0.0,0.0,0.0,0.0
87.688,0.0,0.0,0.0,0.0,0.0,0.0
87.709,0.0,0.0,0.0,0.0,0.0,0.0
87.73,0.0,0.0,0.0,0.0,0.0,0.0
87.75,0.0,0.0,0.0,0.0,0.0,0.0
87.787,0.0,0.0,0.0,0.0,0.0,0.0
87.808,0.0,0.0,0.0,0.0,0.0,0.0
87.828,0.0,0.0,0.0,0.0,0.0,0.0
87.849,0.0,0.0,0.0,0.0,0.0,0.0
87.87,0.0,0.0,0.0,0.0,0.0,0.0
87.906,0.0,0.0,0.0,0.0,0.0,0.0
87.927,0.0,0.0,0.0,0.0,0.0,0.0
87.948,0.0,0.0,0.0,0.0,0.0,0.0
87.969,0.0,0.0,0.0,0.0,0.0,0.0
87.99,0.0,0.0,0.0,0.0,0.0,0.0
88.026,0.0,0.0,0.0,0.0,0.0,0.0
88.047,0.0,0.0,0.0,0.0,0.0,0.0
88.068,0.0,0.0,0.0,0.0,0.0,0.0
88.089,0.0,0.0,0.0,0.0,0.0,0.0
88.11,0.0,0.0,0.0,0.0,0.0,0.0
88.146,0.0,0.0,0.0,0.0,0.0,0.0
88.167,0.0,0.0,0.0,0.0,0.0,0.0
88.188,0.0,0.0,0.0,0.0,0.0,0.0
88.209,0.0,0.0,0.0,0.0,0.0,0.0
88.23,0.0,0.0,0.0,0.0,0.0,0.0
88.267,0.0,0.0,0.0,0.0,0.0,0.0
88.288,0.0,0.0,0.0,0.0,0.0,0.0
88.309,0.0,0.0,0.0,0.0,0.0,0.0
88.33,0.0,0.0,0.0,0.0,0.0,0.0
88.351,0.0,0.0,0.0,0.0,0.0,0.0
88.386,0.0,0.0,0.0,0.0,0.0,0.0
88.407,0.0,0.0,0.0,0.0,0.0,0.0
88.428,0.0,0.0,0.0,0.0,0.0,0.0
88.449,0.0,0.0,0.0,0.0,0.0,0.0
88.47,0.0,0.0,0.0,0.0,0.0,0.0
88.507,0.0,0.0,0.0,0.0,0.0,0.0
88.528,0.0,0.0,0.0,0.0,0.0,0.0
88.549,0.0,0.0,0.0,0.0,0.0,0.0
88.57,0.0,0.0,0.0,0.0,0.0,0.0
88.591,0.0,0.0,0.0,0.0,0.0,0.0
88.627,0.0,0.0,0.0,0.0,0.0,0.0
88.648,0.0,0.0,0.0,0.0,0.0,0.0
88.669,0.0,0.0,0.0,0.0,0.0,0.0
88.69,0.0,0.0,0.0,0.0,0.0,0.0
88.711,0.0,0.0,0.0,0.0,0.0,0.0
88.749,0.0,0.0,0.0,0.0,0.0,0.0
88.771,0.0,0.0,0.0,0.0,0.0,0.0
88.792,0.0,0.0,0.0,0.0,0.0,0.0
88.813,0.0,0.0,0.0,0.0,0.0,0.0
88.846,0.0,0.0,0.0,0.0,0.0,0.0
88.867,0.0,0.0,0.0,0.0,0.0,0.0
88.888,0.0,0.0,0.0,0.0,0.0,0.0
88.908,0.0,0.0,0.0,0.0,0.0,0.0
88.929,0.0,0.0,0.0,0.0,0.0,0.0
88.964,0.0,0.0,0.0,0.0,0.0,0.0
88.985,0.0,0.0,0.0,0.0,0.0,0.0
89.006,0.0,0.0,0.0,0.0,0.0,0.0
89.027,0.0,0.0,0.0,0.0,0.0,0.0
89.048,0.0,0.0,0.0,0.0,0.0,0.0
89.083,0.0,0.0,0.0,0.0,0.0,0.0
89.104,0.0,0.0,0.0,0.0,0.0,0.0
89.125,0.0,0.0,0.0,0.0,0.0,0.0
89.146,0.0,0.0,0.0,0.0,0.0,0.0
89.166,0.0,0.0,0.0,0.0,0.0,0.0
89.202,0.0,0.0,0.0,0.0,0.0,0.0
89.223,0.0,0.0,0.0,0.0,0.0,0.0
89.244,0.0,0.0,0.0,0.0,0.0,0.0
89.265,0.0,0.0,0.0,0.0,0.0,0.0
89.286,0.0,0.0,0.0,0.0,0.0,0.0
89.322,0.0,0.0,0.0,0.0,0.0,0.0
89.343,0.0,0.0,0.0,0.0,0.0,0.0
89.364,0.0,0.0,0.0,0.0,0.0,0.0
89.385,0.0,0.0,0.0,0.0,0.0,0.0
89.406,0.0,0.0,0.0,0.0,0.0,0.0
89.442,0.0,0.0,0.0,0.0,0.0,0.0
89.462,0.0,0.0,0.0,0.0,0.0,0.0
89.483,0.0,0.0,0.0,0.0,0.0,0.0
89.504,0.0,0.0,0.0,0.0,0.0,0.0
89.525,0.0,0.0,0.0,0.0,0.0,0.0
89.56,0.0,0.0,0.0,0.0,0.0,0.0
89.581,0.0,0.0,0.0,0.0,0.0,0.0
89.602,0.0,0.0,0.0,0.0,0.0,0.0
89.623,0.0,0.0,0.0,0.0,0.0,0.0
89.644,0.0,0.0,0.0,0.0,0.0,0.0
89.68,0.0,0.0,0.0,0.0,0.0,0.0
89.701,0.0,0.0,0.0,0.0,0.0,0.0
89.722,0.0,0.0,0.0,0.0,0.0,0.0
89.743,0.0,0.0,0.0,0.0,0.0,0.0
89.764,0.0,0.0,0.0,0.0,0.0,0.0
89.804,0.0,0.0,0.0,0.0,0.0,0.0
89.825,0.0,0.0,0.0,0.0,0.0,0.0
89.846,0.0,0.0,0.0,0.0,0.0,0.0
89.867,0.0,0.0,0.0,0.0,0.0,0.0
89.901,0.0,0.0,0.0,0.0,0.0,0.0
89.922,0.0,0.0,0.0,0.0,0.0,0.0
89.943,0.0,0.0,0.0,0.0,0.0,0.0
89.964,0.0,0.0,0.0,0.0,0.0,0.0
89.985,0.0,0.0,0.0,0.0,0.0,0.0
90.021,0.0,0.0,0.0,0.0,0.0,0.0
90.042,0.0,0.0,0.0,0.0,0.0,0.0
90.063,0.0,0.0,0.0,0.0,0.0,0.0
90.084,0.0,0.0,0.0,0.0,0.0,0.0
90.105,0.0,0.0,0.0,0.0,0.0,0.0
90.142,0.0,0.0,0.0,0.0,0.0,0.0
90.163,0.0,0.0,0.0,0.0,0.0,0.0
90.183,0.0,0.0,0.0,0.0,0.0,0.0
90.204,0.0,0.0,0.0,0.0,0.0,0.0
90.226,0.0,0.0,0.0,0.0,0.0,0.0
90.261,0.0,0.0,0.0,0.0,0.0,0.0
90.282,0.0,0.0,0.0,0.0,0.0,0.0
90.303,0.0,0.0,0.0,0.0,0.0,0.0
90.324,0.0,0.0,0.0,0.0,0.0,0.0
90.345,0.0,0.0,0.0,0.0,0.0,0.0
90.381,0.0,0.0,0.0,0.0,0.0,0.0
90.402,0.0,0.0,0.0,0.0,0.0,0.0
90.423,0.0,0.0,0.0,0.0,0.0,0.0
90.444,0.0,0.0,0.0,0.0,0.0,0.0
90.465,0.0,0.0,0.0,0.0,0.0,0.0
90.501,0.0,0.0,0.0,0.0,0.0,0.0
90.522,0.0,0.0,0.0,0.0,0.0,0.0
90.543,0.0,0.0,0.0,0.0,0.0,0.0
90.564,0.0,0.0,0.0,0.0,0.0,0.0
90.585,0.0,0.0,0.0,0.0,0.0,0.0
90.621,0.0,0.0,0.0,0.0,0.0,0.0
90.642,0.0,0.0,0.0,0.0,0.0,0.0
90.663,0.0,0.0,0.0,0.0,0.0,0.0
90.684,0.0,0.0,0.0,0.0,0.0,0.0
90.705,0.0,0.0,0.0,0.0,0.0,0.0
90.743,0.0,0.0,0.0,0.0,0.0,0.0
90.764,0.0,0.0,0.0,0.0,0.0,0.0
90.785,0.0,0.0,0.0,0.0,0.0,0.0
90.805,0.0,0.0,0.0,0.0,0.0,0.0
90.826,0.0,0.0,0.0,0.0,0.0,0.0
90.863,0.0,0.0,0.0,0.0,0.0,0.0
90.884,0.0,0.0,0.0,0.0,0.0,0.0
90.905,0.0,0.0,0.0,0.0,0.0,0.0
90.926,0.0,0.0,0.0,0.0,0.0,0.0
90.947,0.0,0.0,0.0,0.0,0.0,0.0
90.985,0.0,0.0,0.0,0.0,0.0,0.0
91.006,0.0,0.0,0.0,0.0,0.0,0.0
91.027,0.0,0.0,0.0,0.0,0.0,0.0
91.048,0.0,0.0,0.0,0.0,0.0,0.0
91.082,0.0,0.0,0.0,0.0,0.0,0.0
91.103,0.0,0.0,0.0,0.0,0.0,0.0
91.124,0.0,0.0,0.0,0.0,0.0,0.0
91.145,0.0,0.0,0.0,0.0,0.0,0.0
91.166,0.0,0.0,0.0,0.0,0.0,0.0
91.202,0.0,0.0,0.0,0.0,0.0,0.0
91.223,0.0,0.0,0.0,0.0,0.0,0.0
91.244,0.0,0.0,0.0,0.0,0.0,0.0
91.265,0.0,0.0,0.0,0.0,0.0,0.0
91.286,0.0,0.0,0.0,0.0,0.0,0.0
91.321,0.0,0.0,0.0,0.0,0.0,0.0
91.342,0.0,0.0,0.0,0.0,0.0,0.0
91.363,0.0,0.0,0.0,0.0,0.0,0.0
91.384,0.0,0.0,0.0,0.0,0.0,0.0
91.405,0.0,0.0,0.0,0.0,0.0,0.0
91.441,0.0,0.0,0.0,0.0,0.0,0.0
91.462,0.0,0.0,0.0,0.0,0.0,0.0
91.483,0.0,0.0,0.0,0.0,0.0,0.0
91.504,0.0,0.0,0.0,0.0,0.0,0.0
91.525,0.0,0.0,0.0,0.0,0.0,0.0
91.56,0.0,0.0,0.0,0.0,0.0,0.0
91.581,0.0,0.0,0.0,0.0,0.0,0.0
91.602,0.0,0.0,0.0,0.0,0.0,0.0
91.623,0.0,0.0,0.0,0.0,0.0,0.0
91.644,0.0,0.0,0.0,0.0,0.0,0.0
91.68,0.0,0.0,0.0,0.0,0.0,0.0
91.701,0.0,0.0,0.0,0.0,0.0,0.0
91.722,0.0,0.0,0.0,0.0,0.0,0.0
91.743,0.0,0.0,0.0,0.0,0.0,0.0
91.764,0.0,0.0,0.0,0.0,0.0,0.0
91.799,0.0,0.0,0.0,0.0,0.0,0.0
91.82,0.0,0.0,0.0,0.0,0.0,0.0
91.841,0.0,0.0,0.0,0.0,0.0,0.0
91.862,0.0,0.0,0.0,0.0,0.0,0.0
91.883,0.0,0.0,0.0,0.0,0.0,0.0
91.919,0.0,0.0,0.0,0.0,0.0,0.0
91.94,0.0,0.0,0.0,0.0,0.0,0.0
91.961,0.0,0.0,0.0,0.0,0.0,0.0
91.982,0.0,0.0,0.0,0.0,0.0,0.0
92.003,0.0,0.0,0.0,0.0,0.0,0.0
92.04,0.0,0.0,0.0,0.0,0.0,0.0
92.061,0.0,0.0,0.0,0.0,0.0,0.0
92.082,0.0,0.0,0.0,0.0,0.0,0.0
92.103,0.0,0.0,0.0,0.0,0.0,0.0
92.124,0.0,0.0,0.0,0.0,0.0,0.0
92.16,0.0,0.0,0.0,0.0,0.0,0.0
92.181,0.0,0.0,0.0,0.0,0.0,0.0
92.202,0.0,0.0,0.0,0.0,0.0,0.0
92.223,0.0,0.0,0.0,0.0,0.0,0.0
92.244,0.0,0.0,0.0,0.0,0.0,0.0
92.28,0.0,0.0,0.0,0.0,0.0,0.0
92.301,0.0,0.0,0.0,0.0,0.0,0.0
92.322,0.0,0.0,0.0,0.0,0.0,0.0
92.343,0.0,0.0,0.0,0.0,0.0,0.0
92.364,0.0,0.0,0.0,0.0,0.0,0.0
92.401,0.0,0.0,0.0,0.0,0.0,0.0
92.422,0.0,0.0,0.0,0.0,0.0,0.0
92.443,0.0,0.0,0.0,0.0,0.0,0.0
92.464,0.0,0.0,0.0,0.0,0.0,0.0
92.485,0.0,0.0,0.0,0.0,0.0,0.0
92.521,0.0,0.0,0.0,0.0,0.0,0.0
92.542,0.0,0.0,0.0,0.0,0.0,0.0
92.563,0.0,0.0,0.0,0.0,0.0,0.0
92.584,0.0,0.0,0.0,0.0,0.0,0.0
92.605,0.0,0.0,0.0,0.0,0.0,0.0
92.641,0.0,0.0,0.0,0.0,0.0,0.0
92.662,0.0,0.0,0.0,0.0,0.0,0.0
92.683,0.0,0.0,0.0,0.0,0.0,0.0
92.704,0.0,0.0,0.0,0.0,0.0,0.0
92.725,0.0,0.0,0.0,0.0,0.0,0.0
92.761,0.0,0.0,0.0,0.0,0.0,0.0
92.782,0.0,0.0,0.0,0.0,0.0,0.0
92.803,0.0,0.0,0.0,0.0,0.0,0.0
92.824,0.0,0.0,0.0,0.0,0.0,0.0
92.845,0.0,0.0,0.0,0.0,0.0,0.0
92.881,0.0,0.0,0.0,0.0,0.0,0.0
92.902,0.0,0.0,0.0,0.0,0.0,0.0
92.923,0.0,0.0,0.0,0.0,0.0,0.0
92.944,0.0,0.0,0.0,0.0,0.0,0.0
92.965,0.0,0.0,0.0,0.0,0.0,0.0
93.004,0.0,0.0,0.0,0.0,0.0,0.0
93.025,0.0,0.0,0.0,0.0,0.0,0.0
93.046,0.0,0.0,0.0,0.0,0.0,0.0
93.067,0.0,0.0,0.0,0.0,0.0,0.0
93.103,0.0,0.0,0.0,0.0,0.0,0.0
93.124,0.0,0.0,0.0,0.0,0.0,0.0
93.145,0.0,0.0,0.0,0.0,0.0,0.0
93.166,0.0,0.0,0.0,0.0,0.0,0.0
93.187,0.0,0.0,0.0,0.0,0.0,0.0
93.223,0.0,0.0,0.0,0.0,0.0,0.0
93.243,0.0,0.0,0.0,0.0,0.0,0.0
93.263,0.0,0.0,0.0,0.0,0.0,0.0
93.284,0.0,0.0,0.0,0.0,0.0,0.0
93.305,0.0,0.0,0.0,0.0,0.0,0.0
93.344,0.0,0.0,0.0,0.0,0.0,0.0
93.365,0.0,0.0,0.0,0.0,0.0,0.0
93.386,0.0,0.0,0.0,0.0,0.0,0.0
93.407,0.0,0.0,0.0,0.0,0.0,0.0
93.442,0.0,0.0,0.0,0.0,0.0,0.0
93.463,0.0,0.0,0.0,0.0,0.0,0.0
93.483,0.0,0.0,0.0,0.0,0.0,0.0
93.504,0.0,0.0,0.0,0.0,0.0,0.0
93.524,0.0,0.0,0.0,0.0,0.0,0.0
93.561,0.0,0.0,0.0,0.0,0.0,0.0
93.582,0.0,0.0,0.0,0.0,0.0,0.0
93.603,0.0,0.0,0.0,0.0,0.0,0.0
93.624,0.0,0.0,0.0,0.0,0.0,0.0
93.645,0.0,0.0,0.0,0.0,0.0,0.0
93.681,0.0,0.0,0.0,0.0,0.0,0.0
93.702,0.0,0.0,0.0,0.0,0.0,0.0
93.723,0.0,0.0,0.0,0.0,0.0,0.0
93.745,0.0,0.0,0.0,0.0,0.0,0.0
93.766,0.0,0.0,0.0,0.0,0.0,0.0
93.804,0.0,0.0,0.0,0.0,0.0,0.0
93.825,0.0,0.0,0.0,0.0,0.0,0.0
93.846,0.0,0.0,0.0,0.0,0.0,0.0
93.867,0.0,0.0,0.0,0.0,0.0,0.0
93.901,0.0,0.0,0.0,0.0,0.0,0.0
93.922,0.0,0.0,0.0,0.0,0.0,0.0
93.944,0.0,0.0,0.0,0.0,0.0,0.0
93.965,0.0,0.0,0.0,0.0,0.0,0.0
93.985,0.0,0.0,0.0,0.0,0.0,0.0
94.021,0.0,0.0,0.0,0.0,0.0,0.0
94.041,0.0,0.0,0.0,0.0,0.0,0.0
94.062,0.0,0.0,0.0,0.0,0.0,0.0
94.083,0.0,0.0,0.0,0.0,0.0,0.0
94.104,0.0,0.0,0.0,0.0,0.0,0.0
94.141,0.0,0.0,0.0,0.0,0.0,0.0
94.162,0.0,0.0,0.0,0.0,0.0,0.0
94.183,0.0,0.0,0.0,0.0,0.0,0.0
94.204,0.0,0.0,0.0,0.0,0.0,0.0
94.239,0.0,0.0,0.0,0.0,0.0,0.0
94.26,0.0,0.0,0.0,0.0,0.0,0.0
94.281,0.0,0.0,0.0,0.0,0.0,0.0
94.302,0.0,0.0,0.0,0.0,0.0,0.0
94.322,0.0,0.0,0.0,0.0,0.0,0.0
94.357,0.0,0.0,0.0,0.0,0.0,0.0
94.378,0.0,0.0,0.0,0.0,0.0,0.0
94.399,0.0,0.0,0.0,0.0,0.0,0.0
94.42,0.0,0.0,0.0,0.0,0.0,0.0
94.441,0.0,0.0,0.0,0.0,0.0,0.0
94.478,0.0,0.0,0.0,0.0,0.0,0.0
94.499,0.0,0.0,0.0,0.0,0.0,0.0
94.52,0.0,0.0,0.0,0.0,0.0,0.0
94.541,0.0,0.0,0.0,0.0,0.0,0.0
94.562,0.0,0.0,0.0,0.0,0.0,0.0
94.583,0.0,0.0,0.0,0.0,0.0,0.0
94.604,0.0,0.0,0.0,0.0,0.0,0.0
94.625,0.0,0.0,0.0,0.0,0.0,0.0
94.646,0.0,0.0,0.0,0.0,0.0,0.0
94.667,0.0,0.0,0.0,0.0,0.0,0.0
94.709,0.0,0.0,0.0,0.0,0.0,0.0
94.73,0.0,0.0,0.0,0.0,0.0,0.0
94.751,0.0,0.0,0.0,0.0,0.0,0.0
94.772,0.0,0.0,0.0,0.0,0.0,0.0
94.805,0.0,0.0,0.0,0.0,0.0,0.0
94.826,0.0,0.0,0.0,0.0,0.0,0.0
94.847,0.0,0.0,0.0,0.0,0.0,0.0
94.868,0.0,0.0,0.0,0.0,0.0,0.0
94.889,0.0,0.0,0.0,0.0,0.0,0.0
94.928,0.0,0.0,0.0,0.0,0.0,0.0
94.949,0.0,0.0,0.0,0.0,0.0,0.0
94.97,0.0,0.0,0.0,0.0,0.0,0.0
94.991,0.0,0.0,0.0,0.0,0.0,0.0
95.024,0.0,0.0,0.0,0.0,0.0,0.0
95.045,0.0,0.0,0.0,0.0,0.0,0.0
95.066,0.0,0.0,0.0,0.0,0.0,0.0
95.087,0.0,0.0,0.0,0.0,0.0,0.0
95.108,0.0,0.0,0.0,0.0,0.0,0.0
95.143,0.0,0.0,0.0,0.0,0.0,0.0
95.164,0.0,0.0,0.0,0.0,0.0,0.0
95.185,0.0,0.0,0.0,0.0,0.0,0.0
95.206,0.0,0.0,0.0,0.0,0.0,0.0
95.227,0.0,0.0,0.0,0.0,0.0,0.0
95.262,0.0,0.0,0.0,0.0,0.0,0.0
95.284,0.0,0.0,0.0,0.0,0.0,0.0
95.305,0.0,0.0,0.0,0.0,0.0,0.0
95.326,0.0,0.0,0.0,0.0,0.0,0.0
95.347,0.0,0.0,0.0,0.0,0.0,0.0
95.382,0.0,0.0,0.0,0.0,0.0,0.0
95.403,0.0,0.0,0.0,0.0,0.0,0.0
95.424,0.0,0.0,0.0,0.0,0.0,0.0
95.445,0.0,0.0,0.0,0.0,0.0,0.0
95.466,0.0,0.0,0.0,0.0,0.0,0.0
95.501,0.0,0.0,0.0,0.0,0.0,0.0
95.522,0.0,0.0,0.0,0.0,0.0,0.0
95.543,0.0,0.0,0.0,0.0,0.0,0.0
95.564,0.0,0.0,0.0,0.0,0.0,0.0
95.585,0.0,0.0,0.0,0.0,0.0,0.0
95.62,0.0,0.0,0.0,0.0,0.0,0.0
95.641,0.0,0.0,0.0,0.0,0.0,0.0
95.662,0.0,0.0,0.0,0.0,0.0,0.0
95.683,0.0,0.0,0.0,0.0,0.0,0.0
95.704,0.0,0.0,0.0,0.0,0.0,0.0
95.74,0.0,0.0,0.0,0.0,0.0,0.0
95.761,0.0,0.0,0.0,0.0,0.0,0.0
95.782,0.0,0.0,0.0,0.0,0.0,0.0
95.803,0.0,0.0,0.0,0.0,0.0,0.0
95.824,0.0,0.0,0.0,0.0,0.0,0.0
95.859,0.0,0.0,0.0,0.0,0.0,0.0
95.88,0.0,0.0,0.0,0.0,0.0,0.0
95.901,0.0,0.0,0.0,0.0,0.0,0.0
95.922,0.0,0.0,0.0,0.0,0.0,0.0
95.943,0.0,0.0,0.0,0.0,0.0,0.0
95.978,0.0,0.0,0.0,0.0,0.0,0.0
95.999,0.0,0.0,0.0,0.0,0.0,0.0
96.02,0.0,0.0,0.0,0.0,0.0,0.0
96.041,0.0,0.0,0.0,0.0,0.0,0.0
96.062,0.0,0.0,0.0,0.0,0.0,0.0
96.097,0.0,0.0,0.0,0.0,0.0,0.0
96.118,0.0,0.0,0.0,0.0,0.0,0.0
96.139,0.0,0.0,0.0,0.0,0.0,0.0
96.16,0.0,0.0,0.0,0.0,0.0,0.0
96.181,0.0,0.0,0.0,0.0,0.0,0.0
96.216,0.0,0.0,0.0,0.0,0.0,0.0
96.237,0.0,0.0,0.0,0.0,0.0,0.0
96.258,0.0,0.0,0.0,0.0,0.0,0.0
96.279,0.0,0.0,0.0,0.0,0.0,0.0
96.3,0.0,0.0,0.0,0.0,0.0,0.0
96.335,0.0,0.0,0.0,0.0,0.0,0.0
96.356,0.0,0.0,0.0,0.0,0.0,0.0
96.377,0.0,0.0,0.0,0.0,0.0,0.0
96.398,0.0,0.0,0.0,0.0,0.0,0.0
96.419,0.0,0.0,0.0,0.0,0.0,0.0
96.453,0.0,0.0,0.0,0.0,0.0,0.0
96.474,0.0,0.0,0.0,0.0,0.0,0.0
96.495,0.0,0.0,0.0,0.0,0.0,0.0
96.516,0.0,0.0,0.0,0.0,0.0,0.0
96.537,0.0,0.0,0.0,0.0,0.0,0.0
96.57,0.0,0.0,0.0,0.0,0.0,0.0
96.591,0.0,0.0,0.0,0.0,0.0,0.0
96.612,0.0,0.0,0.0,0.0,0.0,0.0
96.633,0.0,0.0,0.0,0.0,0.0,0.0
96.654,0.0,0.0,0.0,0.0,0.0,0.0
96.693,0.0,0.0,0.0,0.0,0.0,0.0
96.714,0.0,0.0,0.0,0.0,0.0,0.0
96.735,0.0,0.0,0.0,0.0,0.0,0.0
96.756,0.0,0.0,0.0,0.0,0.0,0.0
96.789,0.0,0.0,0.0,0.0,0.0,0.0
96.81,0.0,0.0,0.0,0.0,0.0,0.0
96.831,0.0,0.0,0.0,0.0,0.0,0.0
96.852,0.0,0.0,0.0,0.0,0.0,0.0
96.873,0.0,0.0,0.0,0.0,0.0,0.0
96.907,0.0,0.0,0.0,0.0,0.0,0.0
96.928,0.0,0.0,0.0,0.0,0.0,0.0
96.949,0.0,0.0,0.0,0.0,0.0,0.0
96.97,0.0,0.0,0.0,0.0,0.0,0.0
96.991,0.0,0.0,0.0,0.0,0.0,0.0
97.026,0.0,0.0,0.0,0.0,0.0,0.0
97.047,0.0,0.0,0.0,0.0,0.0,0.0
97.068,0.0,0.0,0.0,0.0,0.0,0.0
97.089,0.0,0.0,0.0,0.0,0.0,0.0
97.11,0.0,0.0,0.0,0.0,0.0,0.0
97.144,0.0,0.0,0.0,0.0,0.0,0.0
97.165,0.0,0.0,0.0,0.0,0.0,0.0
97.186,0.0,0.0,0.0,0.0,0.0,0.0
97.207,0.0,0.0,0.0,0.0,0.0,0.0
97.228,0.0,0.0,0.0,0.0,0.0,0.0
97.249,0.0,0.0,0.0,0.0,0.0,0.0
97.27,0.0,0.0,0.0,0.0,0.0,0.0
97.291,0.0,0.0,0.0,0.0,0.0,0.0
97.312,0.0,0.0,0.0,0.0,0.0,0.0
97.333,0.0,0.0,0.0,0.0,0.0,0.0
97.385,0.0,0.0,0.0,0.0,0.0,0.0
97.406,0.0,0.0,0.0,0.0,0.0,0.0
97.427,0.0,0.0,0.0,0.0,0.0,0.0
97.448,0.0,0.0,0.0,0.0,0.0,0.0
97.485,0.0,0.0,0.0,0.0,0.0,0.0
97.506,0.0,0.0,0.0,0.0,0.0,0.0
97.528,0.0,0.0,0.0,0.0,0.0,0.0
97.549,0.0,0.0,0.0,0.0,0.0,0.0
97.584,0.0,0.0,0.0,0.0,0.0,0.0
97.605,0.0,0.0,0.0,0.0,0.0,0.0
97.626,0.0,0.0,0.0,0.0,0.0,0.0
97.647,0.0,0.0,0.0,0.0,0.0,0.0
97.668,0.0,0.0,0.0,0.0,0.0,0.0
97.705,0.0,0.0,0.0,0.0,0.0,0.0
97.726,0.0,0.0,0.0,0.0,0.0,0.0
97.747,0.0,0.0,0.0,0.0,0.0,0.0
97.767,0.0,0.0,0.0,0.0,0.0,0.0
97.788,0.0,0.0,0.0,0.0,0.0,0.0
97.825,0.0,0.0,0.0,0.0,0.0,0.0
97.846,0.0,0.0,0.0,0.0,0.0,0.0
97.867,0.0,0.0,0.0,0.0,0.0,0.0
97.888,0.0,0.0,0.0,0.0,0.0,0.0
97.924,0.0,0.0,0.0,0.0,0.0,0.0
97.945,0.0,0.0,0.0,0.0,0.0,0.0
97.966,0.0,0.0,0.0,0.0,0.0,0.0
97.987,0.0,0.0,0.0,0.0,0.0,0.0
98.008,0.0,0.0,0.0,0.0,0.0,0.0
98.044,0.0,0.0,0.0,0.0,0.0,0.0
98.065,0.0,0.0,0.0,0.0,0.0,0.0
98.086,0.0,0.0,0.0,0.0,0.0,0.0
98.107,0.0,0.0,0.0,0.0,0.0,0.0
98.128,0.0,0.0,0.0,0.0,0.0,0.0
98.163,0.0,0.0,0.0,0.0,0.0,0.0
98.184,0.0,0.0,0.0,0.0,0.0,0.0
98.205,0.0,0.0,0.0,0.0,0.0,0.0
98.226,0.0,0.0,0.0,0.0,0.0,0.0
98.247,0.0,0.0,0.0,0.0,0.0,0.0
98.283,0.0,0.0,0.0,0.0,0.0,0.0
98.304,0.0,0.0,0.0,0.0,0.0,0.0
98.324,0.0,0.0,0.0,0.0,0.0,0.0
98.345,0.0,0.0,0.0,0.0,0.0,0.0
98.366,0.0,0.0,0.0,0.0,0.0,0.0
98.403,0.0,0.0,0.0,0.0,0.0,0.0
98.424,0.0,0.0,0.0,0.0,0.0,0.0
98.445,0.0,0.0,0.0,0.0,0.0,0.0
98.466,0.0,0.0,0.0,0.0,0.0,0.0
98.5,0.0,0.0,0.0,0.0,0.0,0.0
98.521,0.0,0.0,0.0,0.0,0.0,0.0
98.542,0.0,0.0,0.0,0.0,0.0,0.0
98.563,0.0,0.0,0.0,0.0,0.0,0.0
98.584,0.0,0.0,0.0,0.0,0.0,0.0
98.619,0.0,0.0,0.0,0.0,0.0,0.0
98.64,0.0,0.0,0.0,0.0,0.0,0.0
98.661,0.0,0.0,0.0,0.0,0.0,0.0
98.682,0.0,0.0,0.0,0.0,0.0,0.0
98.703,0.0,0.0,0.0,0.0,0.0,0.0
98.737,0.0,0.0,0.0,0.0,0.0,0.0
98.758,0.0,0.0,0.0,0.0,0.0,0.0
98.779,0.0,0.0,0.0,0.0,0.0,0.0
98.8,0.0,0.0,0.0,0.0,0.0,0.0
98.821,0.0,0.0,0.0,0.0,0.0,0.0
98.856,0.0,0.0,0.0,0.0,0.0,0.0
98.877,0.0,0.0,0.0,0.0,0.0,0.0
98.898,0.0,0.0,0.0,0.0,0.0,0.0
98.919,0.0,0.0,0.0,0.0,0.0,0.0
98.94,0.0,0.0,0.0,0.0,0.0,0.0
98.976,0.0,0.0,0.0,0.0,0.0,0.0
98.997,0.0,0.0,0.0,0.0,0.0,0.0
99.017,0.0,0.0,0.0,0.0,0.0,0.0
99.038,0.0,0.0,0.0,0.0,0.0,0.0
99.059,0.0,0.0,0.0,0.0,0.0,0.0
99.095,0.0,0.0,0.0,0.0,0.0,0.0
99.115,0.0,0.0,0.0,0.0,0.0,0.0
99.136,0.0,0.0,0.0,0.0,0.0,0.0
99.157,0.0,0.0,0.0,0.0,0.0,0.0
99.178,0.0,0.0,0.0,0.0,0.0,0.0
99.216,0.0,0.0,0.0,0.0,0.0,0.0
99.237,0.0,0.0,0.0,0.0,0.0,0.0
99.258,0.0,0.0,0.0,0.0,0.0,0.0
99.279,0.0,0.0,0.0,0.0,0.0,0.0
99.312,0.0,0.0,0.0,0.0,0.0,0.0
99.333,0.0,0.0,0.0,0.0,0.0,0.0
99.354,0.0,0.0,0.0,0.0,0.0,0.0
99.375,0.0,0.0,0.0,0.0,0.0,0.0
99.396,0.0,0.0,0.0,0.0,0.0,0.0
99.431,0.0,0.0,0.0,0.0,0.0,0.0
99.452,0.0,0.0,0.0,0.0,0.0,0.0
99.473,0.0,0.0,0.0,0.0,0.0,0.0
99.494,0.0,0.0,0.0,0.0,0.0,0.0
99.515,0.0,0.0,0.0,0.0,0.0,0.0
99.55,0.0,0.0,0.0,0.0,0.0,0.0
99.571,0.0,0.0,0.0,0.0,0.0,0.0
99.592,0.0,0.0,0.0,0.0,0.0,0.0
99.613,0.0,0.0,0.0,0.0,0.0,0.0
99.634,0.0,0.0,0.0,0.0,0.0,0.0
99.669,0.0,0.0,0.0,0.0,0.0,0.0
99.69,0.0,0.0,0.0,0.0,0.0,0.0
99.711,0.0,0.0,0.0,0.0,0.0,0.0
99.732,0.0,0.0,0.0,0.0,0.0,0.0
99.753,0.0,0.0,0.0,0.0,0.0,0.0
99.789,0.0,0.0,0.0,0.0,0.0,0.0
99.81,0.0,0.0,0.0,0.0,0.0,0.0
99.831,0.0,0.0,0.0,0.0,0.0,0.0
99.852,0.0,0.0,0.0,0.0,0.0,0.0
99.873,0.0,0.0,0.0,0.0,0.0,0.0
99.911,0.0,0.0,0.0,0.0,0.0,0.0
99.932,0.0,0.0,0.0,0.0,0.0,0.0
99.953,0.0,0.0,0.0,0.0,0.0,0.0
99.974,0.0,0.0,0.0,0.0,0.0,0.0
100.008,0.0,0.0,0.0,0.0,0.0,0.0
100.029,0.0,0.0,0.0,0.0,0.0,0.0
100.05,0.0,0.0,0.0,0.0,0.0,0.0
100.071,0.0,0.0,0.0,0.0,0.0,0.0
100.092,0.0,0.0,0.0,0.0,0.0,0.0
100.127,0.0,0.0,0.0,0.0,0.0,0.0
100.148,0.0,0.0,0.0,0.0,0.0,0.0
100.169,0.0,0.0,0.0,0.0,0.0,0.0
100.19,0.0,0.0,0.0,0.0,0.0,0.0
100.211,0.0,0.0,0.0,0.0,0.0,0.0
100.246,0.0,0.0,0.0,0.0,0.0,0.0
100.267,0.0,0.0,0.0,0.0,0.0,0.0
100.288,0.0,0.0,0.0,0.0,0.0,0.0
100.309,0.0,0.0,0.0,0.0,0.0,0.0
100.33,0.0,0.0,0.0,0.0,0.0,0.0
100.366,0.0,0.0,0.0,0.0,0.0,0.0
100.387,0.0,0.0,0.0,0.0,0.0,0.0
100.408,0.0,0.0,0.0,0.0,0.0,0.0
100.429,0.0,0.0,0.0,0.0,0.0,0.0
100.45,0.0,0.0,0.0,0.0,0.0,0.0
100.485,0.0,0.0,0.0,0.0,0.0,0.0
100.506,0.0,0.0,0.0,0.0,0.0,0.0
100.527,0.0,0.0,0.0,0.0,0.0,0.0
100.548,0.0,0.0,0.0,0.0,0.0,0.0
100.569,0.0,0.0,0.0,0.0,0.0,0.0
100.606,0.0,0.0,0.0,0.0,0.0,0.0
100.626,0.0,0.0,0.0,0.0,0.0,0.0
100.647,0.0,0.0,0.0,0.0,0.0,0.0
100.668,0.0,0.0,0.0,0.0,0.0,0.0
100.689,0.0,0.0,0.0,0.0,0.0,0.0
100.726,0.0,0.0,0.0,0.0,0.0,0.0
100.747,0.0,0.0,0.0,0.0,0.0,0.0
100.768,0.0,0.0,0.0,0.0,0.0,0.0
100.789,0.0,0.0,0.0,0.0,0.0,0.0
100.81,0.0,0.0,0.0,0.0,0.0,0.0
100.847,0.0,0.0,0.0,0.0,0.0,0.0
100.868,0.0,0.0,0.0,0.0,0.0,0.0
100.889,0.0,0.0,0.0,0.0,0.0,0.0
100.91,0.0,0.0,0.0,0.0,0.0,0.0
100.944,0.0,0.0,0.0,0.0,0.0,0.0
100.965,0.0,0.0,0.0,0.0,0.0,0.0
100.986,0.0,0.0,0.0,0.0,0.0,0.0
101.007,0.0,0.0,0.0,0.0,0.0,0.0
101.028,0.0,0.0,0.0,0.0,0.0,0.0
101.064,0.0,0.0,0.0,0.0,0.0,0.0
101.085,0.0,0.0,0.0,0.0,0.0,0.0
101.106,0.0,0.0,0.0,0.0,0.0,0.0
101.127,0.0,0.0,0.0,0.0,0.0,0.0
101.148,0.0,0.0,0.0,0.0,0.0,0.0
101.184,0.0,0.0,0.0,0.0,0.0,0.0
101.205,0.0,0.0,0.0,0.0,0.0,0.0
101.226,0.0,0.0,0.0,0.0,0.0,0.0
101.247,0.0,0.0,0.0,0.0,0.0,0.0
101.268,0.0,0.0,0.0,0.0,0.0,0.0
101.304,0.0,0.0,0.0,0.0,0.0,0.0
101.325,0.0,0.0,0.0,0.0,0.0,0.0
101.346,0.0,0.0,0.0,0.0,0.0,0.0
101.367,0.0,0.0,0.0,0.0,0.0,0.0
101.388,0.0,0.0,0.0,0.0,0.0,0.0
101.422,0.0,0.0,0.0,0.0,0.0,0.0
101.443,0.0,0.0,0.0,0.0,0.0,0.0
101.464,0.0,0.0,0.0,0.0,0.0,0.0
101.485,0.0,0.0,0.0,0.0,0.0,0.0
101.506,0.0,0.0,0.0,0.0,0.0,0.0
101.541,0.0,0.0,0.0,0.0,0.0,0.0
101.562,0.0,0.0,0.0,0.0,0.0,0.0
101.583,0.0,0.0,0.0,0.0,0.0,0.0
101.604,0.0,0.0,0.0,0.0,0.0,0.0
101.625,0.0,0.0,0.0,0.0,0.0,0.0
101.661,0.0,0.0,0.0,0.0,0.0,0.0
101.682,0.0,0.0,0.0,0.0,0.0,0.0
101.703,0.0,0.0,0.0,0.0,0.0,0.0
101.724,0.0,0.0,0.0,0.0,0.0,0.0
101.745,0.0,0.0,0.0,0.0,0.0,0.0
101.784,0.0,0.0,0.0,0.0,0.0,0.0
101.805,0.0,0.0,0.0,0.0,0.0,0.0
101.826,0.0,0.0,0.0,0.0,0.0,0.0
101.847,0.0,0.0,0.0,0.0,0.0,0.0
101.88,0.0,0.0,0.0,0.0,0.0,0.0
101.901,0.0,0.0,0.0,0.0,0.0,0.0
101.922,0.0,0.0,0.0,0.0,0.0,0.0
101.943,0.0,0.0,0.0,0.0,0.0,0.0
101.964,0.0,0.0,0.0,0.0,0.0,0.0
101.998,0.0,0.0,0.0,0.0,0.0,0.0
102.019,0.0,0.0,0.0,0.0,0.0,0.0
102.04,0.0,0.0,0.0,0.0,0.0,0.0
102.061,0.0,0.0,0.0,0.0,0.0,0.0
102.082,0.0,0.0,0.0,0.0,0.0,0.0
102.118,0.0,0.0,0.0,0.0,0.0,0.0
102.139,0.0,0.0,0.0,0.0,0.0,0.0
102.16,0.0,0.0,0.0,0.0,0.0,0.0
102.181,0.0,0.0,0.0,0.0,0.0,0.0
102.202,0.0,0.0,0.0,0.0,0.0,0.0
102.237,0.0,0.0,0.0,0.0,0.0,0.0
102.258,0.0,0.0,0.0,0.0,0.0,0.0
102.279,0.0,0.0,0.0,0.0,0.0,0.0
102.3,0.0,0.0,0.0,0.0,0.0,0.0
102.321,0.0,0.0,0.0,0.0,0.0,0.0
102.355,0.0,0.0,0.0,0.0,0.0,0.0
102.376,0.0,0.0,0.0,0.0,0.0,0.0
102.398,0.0,0.0,0.0,0.0,0.0,0.0
102.419,0.0,0.0,0.0,0.0,0.0,0.0
102.44,0.0,0.0,0.0,0.0,0.0,0.0
102.475,0.0,0.0,0.0,0.0,0.0,0.0
102.496,0.0,0.0,0.0,0.0,0.0,0.0
102.517,0.0,0.0,0.0,0.0,0.0,0.0
102.538,0.0,0.0,0.0,0.0,0.0,0.0
102.559,0.0,0.0,0.0,0.0,0.0,0.0
102.594,0.0,0.0,0.0,0.0,0.0,0.0
102.615,0.0,0.0,0.0,0.0,0.0,0.0
102.636,0.0,0.0,0.0,0.0,0.0,0.0
102.657,0.0,0.0,0.0,0.0,0.0,0.0
102.678,0.0,0.0,0.0,0.0,0.0,0.0
102.713,0.0,0.0,0.0,0.0,0.0,0.0
102.734,0.0,0.0,0.0,0.0,0.0,0.0
102.755,0.0,0.0,0.0,0.0,0.0,0.0
102.776,0.0,0.0,0.0,0.0,0.0,0.0
102.797,0.0,0.0,0.0,0.0,0.0,0.0
102.833,0.0,0.0,0.0,0.0,0.0,0.0
102.854,0.0,0.0,0.0,0.0,0.0,0.0
102.875,0.0,0.0,0.0,0.0,0.0,0.0
102.896,0.0,0.0,0.0,0.0,0.0,0.0
102.917,0.0,0.0,0.0,0.0,0.0,0.0
102.953,0.0,0.0,0.0,0.0,0.0,0.0
102.974,0.0,0.0,0.0,0.0,0.0,0.0
102.995,0.0,0.0,0.0,0.0,0.0,0.0
103.015,0.0,0.0,0.0,0.0,0.0,0.0
103.036,0.0,0.0,0.0,0.0,0.0,0.0
103.071,0.0,0.0,0.0,0.0,0.0,0.0
103.092,0.0,0.0,0.0,0.0,0.0,0.0
103.113,0.0,0.0,0.0,0.0,0.0,0.0
103.134,0.0,0.0,0.0,0.0,0.0,0.0
103.156,0.0,0.0,0.0,0.0,0.0,0.0
103.191,0.0,0.0,0.0,0.0,0.0,0.0
103.212,0.0,0.0,0.0,0.0,0.0,0.0
103.233,0.0,0.0,0.0,0.0,0.0,0.0
103.254,0.0,0.0,0.0,0.0,0.0,0.0
103.275,0.0,0.0,0.0,0.0,0.0,0.0
103.309,0.0,0.0,0.0,0.0,0.0,0.0
103.33,0.0,0.0,0.0,0.0,0.0,0.0
103.351,0.0,0.0,0.0,0.0,0.0,0.0
103.372,0.0,0.0,0.0,0.0,0.0,0.0
103.393,0.0,0.0,0.0,0.0,0.0,0.0
103.428,0.0,0.0,0.0,0.0,0.0,0.0
103.449,0.0,0.0,0.0,0.0,0.0,0.0
103.47,0.0,0.0,0.0,0.0,0.0,0.0
103.491,0.0,0.0,0.0,0.0,0.0,0.0
103.512,0.0,0.0,0.0,0.0,0.0,0.0
103.547,0.0,0.0,0.0,0.0,0.0,0.0
103.568,0.0,0.0,0.0,0.0,0.0,0.0
103.589,0.0,0.0,0.0,0.0,0.0,0.0
103.61,0.0,0.0,0.0,0.0,0.0,0.0
103.631,0.0,0.0,0.0,0.0,0.0,0.0
103.666,0.0,0.0,0.0,0.0,0.0,0.0
103.687,0.0,0.0,0.0,0.0,0.0,0.0
103.708,0.0,0.0,0.0,0.0,0.0,0.0
103.729,0.0,0.0,0.0,0.0,0.0,0.0
103.75,0.0,0.0,0.0,0.0,0.0,0.0
103.784,0.0,0.0,0.0,0.0,0.0,0.0
103.805,0.0,0.0,0.0,0.0,0.0,0.0
103.826,0.0,0.0,0.0,0.0,0.0,0.0
103.847,0.0,0.0,0.0,0.0,0.0,0.0
103.868,0.0,0.0,0.0,0.0,0.0,0.0
103.902,0.0,0.0,0.0,0.0,0.0,0.0
103.923,0.0,0.0,0.0,0.0,0.0,0.0
103.944,0.0,0.0,0.0,0.0,0.0,0.0
103.966,0.0,0.0,0.0,0.0,0.0,0.0
103.987,0.0,0.0,0.0,0.0,0.0,0.0
104.021,0.0,0.0,0.0,0.0,0.0,0.0
104.042,0.0,0.0,0.0,0.0,0.0,0.0
104.064,0.0,0.0,0.0,0.0,0.0,0.0
104.085,0.0,0.0,0.0,0.0,0.0,0.0
104.106,0.0,0.0,0.0,0.0,0.0,0.0
104.141,0.0,0.0,0.0,0.0,0.0,0.0
104.162,0.0,0.0,0.0,0.0,0.0,0.0
104.183,0.0,0.0,0.0,0.0,0.0,0.0
104.204,0.0,0.0,0.0,0.0,0.0,0.0
104.225,0.0,0.0,0.0,0.0,0.0,0.0
104.26,0.0,0.0,0.0,0.0,0.0,0.0
104.281,0.0,0.0,0.0,0.0,0.0,0.0
104.302,0.0,0.0,0.0,0.0,0.0,0.0
104.323,0.0,0.0,0.0,0.0,0.0,0.0
104.344,0.0,0.0,0.0,0.0,0.0,0.0
104.379,0.0,0.0,0.0,0.0,0.0,0.0
104.4,0.0,0.0,0.0,0.0,0.0,0.0
104.421,0.0,0.0,0.0,0.0,0.0,0.0
104.442,0.0,0.0,0.0,0.0,0.0,0.0
104.463,0.0,0.0,0.0,0.0,0.0,0.0
104.499,0.0,0.0,0.0,0.0,0.0,0.0
104.52,0.0,0.0,0.0,0.0,0.0,0.0
104.541,0.0,0.0,0.0,0.0,0.0,0.0
104.562,0.0,0.0,0.0,0.0,0.0,0.0
104.583,0.0,0.0,0.0,0.0,0.0,0.0
104.618,0.0,0.0,0.0,0.0,0.0,0.0
104.639,0.0,0.0,0.0,0.0,0.0,0.0
104.66,0.0,0.0,0.0,0.0,0.0,0.0
104.681,0.0,0.0,0.0,0.0,0.0,0.0
104.702,0.0,0.0,0.0,0.0,0.0,0.0
104.737,0.0,0.0,0.0,0.0,0.0,0.0
104.758,0.0,0.0,0.0,0.0,0.0,0.0
104.779,0.0,0.0,0.0,0.0,0.0,0.0
104.8,0.0,0.0,0.0,0.0,0.0,0.0
104.821,0.0,0.0,0.0,0.0,0.0,0.0
104.856,0.0,0.0,0.0,0.0,0.0,0.0
104.877,0.0,0.0,0.0,0.0,0.0,0.0
104.898,0.0,0.0,0.0,0.0,0.0,0.0
104.919,0.0,0.0,0.0,0.0,0.0,0.0
104.94,0.0,0.0,0.0,0.0,0.0,0.0
104.975,0.0,0.0,0.0,0.0,0.0,0.0
104.996,0.0,0.0,0.0,0.0,0.0,0.0
105.017,0.0,0.0,0.0,0.0,0.0,0.0
105.039,0.0,0.0,0.0,0.0,0.0,0.0
105.06,0.0,0.0,0.0,0.0,0.0,0.0
105.095,0.0,0.0,0.0,0.0,0.0,0.0
105.116,0.0,0.0,0.0,0.0,0.0,0.0
105.137,0.0,0.0,0.0,0.0,0.0,0.0
105.158,0.0,0.0,0.0,0.0,0.0,0.0
105.179,0.0,0.0,0.0,0.0,0.0,0.0
105.214,0.0,0.0,0.0,0.0,0.0,0.0
105.235,0.0,0.0,0.0,0.0,0.0,0.0
105.256,0.0,0.0,0.0,0.0,0.0,0.0
105.277,0.0,0.0,0.0,0.0,0.0,0.0
105.298,0.0,0.0,0.0,0.0,0.0,0.0
105.33,0.0,0.0,0.0,0.0,0.0,0.0
105.35,0.0,0.0,0.0,0.0,0.0,0.0
105.371,0.0,0.0,0.0,0.0,0.0,0.0
105.392,0.0,0.0,0.0,0.0,0.0,0.0
105.413,0.0,0.0,0.0,0.0,0.0,0.0
105.451,0.0,0.0,0.0,0.0,0.0,0.0
105.472,0.0,0.0,0.0,0.0,0.0,0.0
105.493,0.0,0.0,0.0,0.0,0.0,0.0
105.514,0.0,0.0,0.0,0.0,0.0,0.0
105.535,0.0,0.0,0.0,0.0,0.0,0.0
105.556,0.0,0.0,0.0,0.0,0.0,0.0
105.577,0.0,0.0,0.0,0.0,0.0,0.0
105.598,0.0,0.0,0.0,0.0,0.0,0.0
105.619,0.0,0.0,0.0,0.0,0.0,0.0
105.672,0.0,0.0,0.0,0.0,0.0,0.0
105.693,0.0,0.0,0.0,0.0,0.0,0.0
105.714,0.0,0.0,0.0,0.0,0.0,0.0
105.735,0.0,0.0,0.0,0.0,0.0,0.0
105.772,0.0,0.0,0.0,0.0,0.0,0.0
105.793,0.0,0.0,0.0,0.0,0.0,0.0
105.814,0.0,0.0,0.0,0.0,0.0,0.0
105.835,0.0,0.0,0.0,0.0,0.0,0.0
105.856,0.0,0.0,0.0,0.0,0.0,0.0
105.89,0.0,0.0,0.0,0.0,0.0,0.0
105.911,0.0,0.0,0.0,0.0,0.0,0.0
105.933,0.0,0.0,0.0,0.0,0.0,0.0
105.954,0.0,0.0,0.0,0.0,0.0,0.0
105.975,0.0,0.0,0.0,0.0,0.0,0.0
106.009,0.0,0.0,0.0,0.0,0.0,0.0
106.031,0.0,0.0,0.0,0.0,0.0,0.0
106.052,0.0,0.0,0.0,0.0,0.0,0.0
106.073,0.0,0.0,0.0,0.0,0.0,0.0
106.094,0.0,0.0,0.0,0.0,0.0,0.0
106.128,0.0,0.0,0.0,0.0,0.0,0.0
106.149,0.0,0.0,0.0,0.0,0.0,0.0
106.17,0.0,0.0,0.0,0.0,0.0,0.0
106.191,0.0,0.0,0.0,0.0,0.0,0.0
106.212,0.0,0.0,0.0,0.0,0.0,0.0
106.248,0.0,0.0,0.0,0.0,0.0,0.0
106.269,0.0,0.0,0.0,0.0,0.0,0.0
106.29,0.0,0.0,0.0,0.0,0.0,0.0
106.311,0.0,0.0,0.0,0.0,0.0,0.0
106.332,0.0,0.0,0.0,0.0,0.0,0.0
106.367,0.0,0.0,0.0,0.0,0.0,0.0
106.388,0.0,0.0,0.0,0.0,0.0,0.0
106.409,0.0,0.0,0.0,0.0,0.0,0.0
106.43,0.0,0.0,0.0,0.0,0.0,0.0
106.451,0.0,0.0,0.0,0.0,0.0,0.0
106.484,0.0,0.0,0.0,0.0,0.0,0.0
106.504,0.0,0.0,0.0,0.0,0.0,0.0
106.525,0.0,0.0,0.0,0.0,0.0,0.0
106.546,0.0,0.0,0.0,0.0,0.0,0.0
106.567,0.0,0.0,0.0,0.0,0.0,0.0
106.61,0.0,0.0,0.0,0.0,0.0,0.0
106.631,0.0,0.0,0.0,0.0,0.0,0.0
106.652,0.0,0.0,0.0,0.0,0.0,0.0
106.673,0.0,0.0,0.0,0.0,0.0,0.0
106.707,0.0,0.0,0.0,0.0,0.0,0.0
106.728,0.0,0.0,0.0,0.0,0.0,0.0
106.749,0.0,0.0,0.0,0.0,0.0,0.0
106.77,0.0,0.0,0.0,0.0,0.0,0.0
106.791,0.0,0.0,0.0,0.0,0.0,0.0
106.83,0.0,0.0,0.0,0.0,0.0,0.0
106.851,0.0,0.0,0.0,0.0,0.0,0.0
106.872,0.0,0.0,0.0,0.0,0.0,0.0
106.894,0.0,0.0,0.0,0.0,0.0,0.0
106.927,0.0,0.0,0.0,0.0,0.0,0.0
106.948,0.0,0.0,0.0,0.0,0.0,0.0
106.969,0.0,0.0,0.0,0.0,0.0,0.0
106.99,0.0,0.0,0.0,0.0,0.0,0.0
107.011,0.0,0.0,0.0,0.0,0.0,0.0
107.045,0.0,0.0,0.0,0.0,0.0,0.0
107.066,0.0,0.0,0.0,0.0,0.0,0.0
107.087,0.0,0.0,0.0,0.0,0.0,0.0
107.108,0.0,0.0,0.0,0.0,0.0,0.0
107.129,0.0,0.0,0.0,0.0,0.0,0.0
107.165,0.0,0.0,0.0,0.0,0.0,0.0
107.186,0.0,0.0,0.0,0.0,0.0,0.0
107.207,0.0,0.0,0.0,0.0,0.0,0.0
107.228,0.0,0.0,0.0,0.0,0.0,0.0
107.249,0.0,0.0,0.0,0.0,0.0,0.0
107.285,0.0,0.0,0.0,0.0,0.0,0.0
107.306,0.0,0.0,0.0,0.0,0.0,0.0
107.327,0.0,0.0,0.0,0.0,0.0,0.0
107.348,0.0,0.0,0.0,0.0,0.0,0.0
107.369,0.0,0.0,0.0,0.0,0.0,0.0
107.406,0.0,0.0,0.0,0.0,0.0,0.0
107.427,0.0,0.0,0.0,0.0,0.0,0.0
107.448,0.0,0.0,0.0,0.0,0.0,0.0
107.469,0.0,0.0,0.0,0.0,0.0,0.0
107.49,0.0,0.0,0.0,0.0,0.0,0.0
107.526,0.0,0.0,0.0,0.0,0.0,0.0
107.547,0.0,0.0,0.0,0.0,0.0,0.0
107.568,0.0,0.0,0.0,0.0,0.0,0.0
107.589,0.0,0.0,0.0,0.0,0.0,0.0
107.61,0.0,0.0,0.0,0.0,0.0,0.0
107.645,0.0,0.0,0.0,0.0,0.0,0.0
107.666,0.0,0.0,0.0,0.0,0.0,0.0
107.687,0.0,0.0,0.0,0.0,0.0,0.0
107.708,0.0,0.0,0.0,0.0,0.0,0.0
107.729,0.0,0.0,0.0,0.0,0.0,0.0
107.765,0.0,0.0,0.0,0.0,0.0,0.0
107.786,0.0,0.0,0.0,0.0,0.0,0.0
107.807,0.0,0.0,0.0,0.0,0.0,0.0
107.828,0.0,0.0,0.0,0.0,0.0,0.0
107.849,0.0,0.0,0.0,0.0,0.0,0.0
107.885,0.0,0.0,0.0,0.0,0.0,0.0
107.906,0.0,0.0,0.0,0.0,0.0,0.0
107.927,0.0,0.0,0.0,0.0,0.0,0.0
107.948,0.0,0.0,0.0,0.0,0.0,0.0
107.969,0.0,0.0,0.0,0.0,0.0,0.0
108.004,0.0,0.0,0.0,0.0,0.0,0.0
108.025,0.0,0.0,0.0,0.0,0.0,0.0
108.046,0.0,0.0,0.0,0.0,0.0,0.0
108.067,0.0,0.0,0.0,0.0,0.0,0.0
108.088,0.0,0.0,0.0,0.0,0.0,0.0
108.123,0.0,0.0,0.0,0.0,0.0,0.0
108.144,0.0,0.0,0.0,0.0,0.0,0.0
108.165,0.0,0.0,0.0,0.0,0.0,0.0
108.186,0.0,0.0,0.0,0.0,0.0,0.0
108.207,0.0,0.0,0.0,0.0,0.0,0.0
108.239,0.0,0.0,0.0,0.0,0.0,0.0
108.26,0.0,0.0,0.0,0.0,0.0,0.0
108.281,0.0,0.0,0.0,0.0,0.0,0.0
108.302,0.0,0.0,0.0,0.0,0.0,0.0
108.323,0.0,0.0,0.0,0.0,0.0,0.0
108.361,0.0,0.0,0.0,0.0,0.0,0.0
108.382,0.0,0.0,0.0,0.0,0.0,0.0
108.403,0.0,0.0,0.0,0.0,0.0,0.0
108.424,0.0,0.0,0.0,0.0,0.0,0.0
108.457,0.0,0.0,0.0,0.0,0.0,0.0
108.478,0.0,0.0,0.0,0.0,0.0,0.0
108.499,0.0,0.0,0.0,0.0,0.0,0.0
108.52,0.0,0.0,0.0,0.0,0.0,0.0
108.541,0.0,0.0,0.0,0.0,0.0,0.0
108.575,0.0,0.0,0.0,0.0,0.0,0.0
108.596,0.0,0.0,0.0,0.0,0.0,0.0
108.617,0.0,0.0,0.0,0.0,0.0,0.0
108.638,0.0,0.0,0.0,0.0,0.0,0.0
108.659,0.0,0.0,0.0,0.0,0.0,0.0
108.694,0.0,0.0,0.0,0.0,0.0,0.0
108.715,0.0,0.0,0.0,0.0,0.0,0.0
108.736,0.0,0.0,0.0,0.0,0.0,0.0
108.757,0.0,0.0,0.0,0.0,0.0,0.0
108.778,0.0,0.0,0.0,0.0,0.0,0.0
108.813,0.0,0.0,0.0,0.0,0.0,0.0
108.834,0.0,0.0,0.0,0.0,0.0,0.0
108.854,0.0,0.0,0.0,0.0,0.0,0.0
108.875,0.0,0.0,0.0,0.0,0.0,0.0
108.896,0.0,0.0,0.0,0.0,0.0,0.0
108.934,0.0,0.0,0.0,0.0,0.0,0.0
108.955,0.0,0.0,0.0,0.0,0.0,0.0
108.976,0.0,0.0,0.0,0.0,0.0,0.0
108.997,0.0,0.0,0.0,0.0,0.0,0.0
109.031,0.0,0.0,0.0,0.0,0.0,0.0
109.052,0.0,0.0,0.0,0.0,0.0,0.0
109.073,0.0,0.0,0.0,0.0,0.0,0.0
109.094,0.0,0.0,0.0,0.0,0.0,0.0
109.115,0.0,0.0,0.0,0.0,0.0,0.0
109.154,0.0,0.0,0.0,0.0,0.0,0.0
109.175,0.0,0.0,0.0,0.0,0.0,0.0
109.196,0.0,0.0,0.0,0.0,0.0,0.0
109.217,0.0,0.0,0.0,0.0,0.0,0.0
109.25,0.0,0.0,0.0,0.0,0.0,0.0
109.271,0.0,0.0,0.0,0.0,0.0,0.0
109.292,0.0,0.0,0.0,0.0,0.0,0.0
109.313,0.0,0.0,0.0,0.0,0.0,0.0
109.334,0.0,0.0,0.0,0.0,0.0,0.0
109.368,0.0,0.0,0.0,0.0,0.0,0.0
109.389,0.0,0.0,0.0,0.0,0.0,0.0
109.41,0.0,0.0,0.0,0.0,0.0,0.0
109.431,0.0,0.0,0.0,0.0,0.0,0.0
109.452,0.0,0.0,0.0,0.0,0.0,0.0
109.487,0.0,0.0,0.0,0.0,0.0,0.0
109.508,0.0,0.0,0.0,0.0,0.0,0.0
109.529,0.0,0.0,0.0,0.0,0.0,0.0
109.55,0.0,0.0,0.0,0.0,0.0,0.0
109.571,0.0,0.0,0.0,0.0,0.0,0.0
109.606,0.0,0.0,0.0,0.0,0.0,0.0
109.627,0.0,0.0,0.0,0.0,0.0,0.0
109.648,0.0,0.0,0.0,0.0,0.0,0.0
109.669,0.0,0.0,0.0,0.0,0.0,0.0
109.69,0.0,0.0,0.0,0.0,0.0,0.0
109.727,0.0,0.0,0.0,0.0,0.0,0.0
109.748,0.0,0.0,0.0,0.0,0.0,0.0
109.769,0.0,0.0,0.0,0.0,0.0,0.0
109.79,0.0,0.0,0.0,0.0,0.0,0.0
109.811,0.0,0.0,0.0,0.0,0.0,0.0
109.85,0.0,0.0,0.0,0.0,0.0,0.0
109.871,0.0,0.0,0.0,0.0,0.0,0.0
109.892,0.0,0.0,0.0,0.0,0.0,0.0
109.912,0.0,0.0,0.0,0.0,0.0,0.0
109.948,0.0,0.0,0.0,0.0,0.0,0.0
109.969,0.0,0.0,0.0,0.0,0.0,0.0
109.99,0.0,0.0,0.0,0.0,0.0,0.0
110.011,0.0,0.0,0.0,0.0,0.0,0.0
110.032,0.0,0.0,0.0,0.0,0.0,0.0
110.071,0.0,0.0,0.0,0.0,0.0,0.0
110.092,0.0,0.0,0.0,0.0,0.0,0.0
110.113,0.0,0.0,0.0,0.0,0.0,0.0
110.134,0.0,0.0,0.0,0.0,0.0,0.0
110.163,0.0,0.0,0.0,0.0,0.0,0.0
110.184,0.0,0.0,0.0,0.0,0.0,0.0
110.204,0.0,0.0,0.0,0.0,0.0,0.0
110.225,0.0,0.0,0.0,0.0,0.0,0.0
110.246,0.0,0.0,0.0,0.0,0.0,0.0
110.282,0.0,0.0,0.0,0.0,0.0,0.0
110.303,0.0,0.0,0.0,0.0,0.0,0.0
110.324,0.0,0.0,0.0,0.0,0.0,0.0
110.345,0.0,0.0,0.0,0.0,0.0,0.0
110.366,0.0,0.0,0.0,0.0,0.0,0.0
110.403,0.0,0.0,0.0,0.0,0.0,0.0
110.424,0.0,0.0,0.0,0.0,0.0,0.0
110.445,0.0,0.0,0.0,0.0,0.0,0.0
110.466,0.0,0.0,0.0,0.0,0.0,0.0
110.487,0.0,0.0,0.0,0.0,0.0,0.0
110.524,0.0,0.0,0.0,0.0,0.0,0.0
110.545,0.0,0.0,0.0,0.0,0.0,0.0
110.566,0.0,0.0,0.0,0.0,0.0,0.0
110.586,0.0,0.0,0.0,0.0,0.0,0.0
110.607,0.0,0.0,0.0,0.0,0.0,0.0
110.647,0.0,0.0,0.0,0.0,0.0,0.0
110.668,0.0,0.0,0.0,0.0,0.0,0.0
110.689,0.0,0.0,0.0,0.0,0.0,0.0
110.71,0.0,0.0,0.0,0.0,0.0,0.0
110.747,0.0,0.0,0.0,0.0,0.0,0.0
110.768,0.0,0.0,0.0,0.0,0.0,0.0
110.789,0.0,0.0,0.0,0.0,0.0,0.0
110.81,0.0,0.0,0.0,0.0,0.0,0.0
110.831,0.0,0.0,0.0,0.0,0.0,0.0
110.866,0.0,0.0,0.0,0.0,0.0,0.0
110.887,0.0,0.0,0.0,0.0,0.0,0.0
110.908,0.0,0.0,0.0,0.0,0.0,0.0
110.929,0.0,0.0,0.0,0.0,0.0,0.0
110.95,0.0,0.0,0.0,0.0,0.0,0.0
110.985,0.0,0.0,0.0,0.0,0.0,0.0
111.006,0.0,0.0,0.0,0.0,0.0,0.0
111.027,0.0,0.0,0.0,0.0,0.0,0.0
111.048,0.0,0.0,0.0,0.0,0.0,0.0
111.069,0.0,0.0,0.0,0.0,0.0,0.0
111.101,0.0,0.0,0.0,0.0,0.0,0.0
111.122,0.0,0.0,0.0,0.0,0.0,0.0
111.143,0.0,0.0,0.0,0.0,0.0,0.0
111.164,0.0,0.0,0.0,0.0,0.0,0.0
111.185,0.0,0.0,0.0,0.0,0.0,0.0
111.223,0.0,0.0,0.0,0.0,0.0,0.0
111.244,0.0,0.0,0.0,0.0,0.0,0.0
111.265,0.0,0.0,0.0,0.0,0.0,0.0
111.286,0.0,0.0,0.0,0.0,0.0,0.0
111.319,0.0,0.0,0.0,0.0,0.0,0.0
111.34,0.0,0.0,0.0,0.0,0.0,0.0
111.361,0.0,0.0,0.0,0.0,0.0,0.0
111.382,0.0,0.0,0.0,0.0,0.0,0.0
111.403,0.0,0.0,0.0,0.0,0.0,0.0
111.436,0.0,0.0,0.0,0.0,0.0,0.0
111.457,0.0,0.0,0.0,0.0,0.0,0.0
111.479,0.0,0.0,0.0,0.0,0.0,0.0
111.5,0.0,0.0,0.0,0.0,0.0,0.0
111.521,0.0,0.0,0.0,0.0,0.0,0.0
111.555,0.0,0.0,0.0,0.0,0.0,0.0
111.576,0.0,0.0,0.0,0.0,0.0,0.0
111.597,0.0,0.0,0.0,0.0,0.0,0.0
111.618,0.0,0.0,0.0,0.0,0.0,0.0
111.639,0.0,0.0,0.0,0.0,0.0,0.0
111.674,0.0,0.0,0.0,0.0,0.0,0.0
111.695,0.0,0.0,0.0,0.0,0.0,0.0
111.716,0.0,0.0,0.0,0.0,0.0,0.0
111.737,0.0,0.0,0.0,0.0,0.0,0.0
111.758,0.0,0.0,0.0,0.0,0.0,0.0
111.794,0.0,0.0,0.0,0.0,0.0,0.0
111.815,0.0,0.0,0.0,0.0,0.0,0.0
111.836,0.0,0.0,0.0,0.0,0.0,0.0
111.857,0.0,0.0,0.0,0.0,0.0,0.0
111.878,0.0,0.0,0.0,0.0,0.0,0.0
111.914,0.0,0.0,0.0,0.0,0.0,0.0
111.935,0.0,0.0,0.0,0.0,0.0,0.0
111.956,0.0,0.0,0.0,0.0,0.0,0.0
111.977,0.0,0.0,0.0,0.0,0.0,0.0
111.998,0.0,0.0,0.0,0.0,0.0,0.0
112.035,0.0,0.0,0.0,0.0,0.0,0.0
112.056,0.0,0.0,0.0,0.0,0.0,0.0
112.077,0.0,0.0,0.0,0.0,0.0,0.0
112.098,0.0,0.0,0.0,0.0,0.0,0.0
112.133,0.0,0.0,0.0,0.0,0.0,0.0
112.154,0.0,0.0,0.0,0.0,0.0,0.0
112.175,0.0,0.0,0.0,0.0,0.0,0.0
112.196,0.0,0.0,0.0,0.0,0.0,0.0
112.217,0.0,0.0,0.0,0.0,0.0,0.0
112.252,0.0,0.0,0.0,0.0,0.0,0.0
112.273,0.0,0.0,0.0,0.0,0.0,0.0
112.294,0.0,0.0,0.0,0.0,0.0,0.0
112.315,0.0,0.0,0.0,0.0,0.0,0.0
112.336,0.0,0.0,0.0,0.0,0.0,0.0
112.371,0.0,0.0,0.0,0.0,0.0,0.0
112.392,0.0,0.0,0.0,0.0,0.0,0.0
112.413,0.0,0.0,0.0,0.0,0.0,0.0
112.434,0.0,0.0,0.0,0.0,0.0,0.0
112.455,0.0,0.0,0.0,0.0,0.0,0.0
112.49,0.0,0.0,0.0,0.0,0.0,0.0
112.511,0.0,0.0,0.0,0.0,0.0,0.0
112.532,0.0,0.0,0.0,0.0,0.0,0.0
112.553,0.0,0.0,0.0,0.0,0.0,0.0
112.574,0.0,0.0,0.0,0.0,0.0,0.0
112.609,0.0,0.0,0.0,0.0,0.0,0.0
112.63,0.0,0.0,0.0,0.0,0.0,0.0
112.651,0.0,0.0,0.0,0.0,0.0,0.0
112.672,0.0,0.0,0.0,0.0,0.0,0.0
112.693,0.0,0.0,0.0,0.0,0.0,0.0
112.728,0.0,0.0,0.0,0.0,0.0,0.0
112.749,0.0,0.0,0.0,0.0,0.0,0.0
112.77,0.0,0.0,0.0,0.0,0.0,0.0
112.791,0.0,0.0,0.0,0.0,0.0,0.0
112.812,0.0,0.0,0.0,0.0,0.0,0.0
112.848,0.0,0.0,0.0,0.0,0.0,0.0
112.869,0.0,0.0,0.0,0.0,0.0,0.0
112.89,0.0,0.0,0.0,0.0,0.0,0.0
112.911,0.0,0.0,0.0,0.0,0.0,0.0
112.932,0.0,0.0,0.0,0.0,0.0,0.0
112.97,0.0,0.0,0.0,0.0,0.0,0.0
112.991,0.0,0.0,0.0,0.0,0.0,0.0
113.012,0.0,0.0,0.0,0.0,0.0,0.0
113.033,0.0,0.0,0.0,0.0,0.0,0.0
113.068,0.0,0.0,0.0,0.0,0.0,0.0
113.089,0.0,0.0,0.0,0.0,0.0,0.0
113.11,0.0,0.0,0.0,0.0,0.0,0.0
113.131,0.0,0.0,0.0,0.0,0.0,0.0
113.152,0.0,0.0,0.0,0.0,0.0,0.0
113.189,0.0,0.0,0.0,0.0,0.0,0.0
113.21,0.0,0.0,0.0,0.0,0.0,0.0
113.23,0.0,0.0,0.0,0.0,0.0,0.0
113.251,0.0,0.0,0.0,0.0,0.0,0.0
113.272,0.0,0.0,0.0,0.0,0.0,0.0
113.308,0.0,0.0,0.0,0.0,0.0,0.0
113.329,0.0,0.0,0.0,0.0,0.0,0.0
113.35,0.0,0.0,0.0,0.0,0.0,0.0
113.371,0.0,0.0,0.0,0.0,0.0,0.0
113.392,0.0,0.0,0.0,0.0,0.0,0.0
113.427,0.0,0.0,0.0,0.0,0.0,0.0
113.448,0.0,0.0,0.0,0.0,0.0,0.0
113.469,0.0,0.0,0.0,0.0,0.0,0.0
113.49,0.0,0.0,0.0,0.0,0.0,0.0
113.511,0.0,0.0,0.0,0.0,0.0,0.0
113.547,0.0,0.0,0.0,0.0,0.0,0.0
113.568,0.0,0.0,0.0,0.0,0.0,0.0
113.589,0.0,0.0,0.0,0.0,0.0,0.0
113.61,0.0,0.0,0.0,0.0,0.0,0.0
113.631,0.0,0.0,0.0,0.0,0.0,0.0
113.666,0.0,0.0,0.0,0.0,0.0,0.0
113.687,0.0,0.0,0.0,0.0,0.0,0.0
113.708,0.0,0.0,0.0,0.0,0.0,0.0
113.729,0.0,0.0,0.0,0.0,0.0,0.0
113.75,0.0,0.0,0.0,0.0,0.0,0.0
113.786,0.0,0.0,0.0,0.0,0.0,0.0
113.807,0.0,0.0,0.0,0.0,0.0,0.0
113.828,0.0,0.0,0.0,0.0,0.0,0.0
113.849,0.0,0.0,0.0,0.0,0.0,0.0
113.87,0.0,0.0,0.0,0.0,0.0,0.0
113.905,0.0,0.0,0.0,0.0,0.0,0.0
113.926,0.0,0.0,0.0,0.0,0.0,0.0
113.947,0.0,0.0,0.0,0.0,0.0,0.0
113.968,0.0,0.0,0.0,0.0,0.0,0.0
113.989,0.0,0.0,0.0,0.0,0.0,0.0
114.023,0.0,0.0,0.0,0.0,0.0,0.0
114.044,0.0,0.0,0.0,0.0,0.0,0.0
114.065,0.0,0.0,0.0,0.0,0.0,0.0
114.086,0.0,0.0,0.0,0.0,0.0,0.0
114.107,0.0,0.0,0.0,0.0,0.0,0.0
114.142,0.0,0.0,0.0,0.0,0.0,0.0
114.163,0.0,0.0,0.0,0.0,0.0,0.0
114.184,0.0,0.0,0.0,0.0,0.0,0.0
114.205,0.0,0.0,0.0,0.0,0.0,0.0
114.226,0.0,0.0,0.0,0.0,0.0,0.0
114.261,0.0,0.0,0.0,0.0,0.0,0.0
114.282,0.0,0.0,0.0,0.0,0.0,0.0
114.303,0.0,0.0,0.0,0.0,0.0,0.0
114.324,0.0,0.0,0.0,0.0,0.0,0.0
114.345,0.0,0.0,0.0,0.0,0.0,0.0
114.38,0.0,0.0,0.0,0.0,0.0,0.0
114.401,0.0,0.0,0.0,0.0,0.0,0.0
114.422,0.0,0.0,0.0,0.0,0.0,0.0
114.443,0.0,0.0,0.0,0.0,0.0,0.0
114.464,0.0,0.0,0.0,0.0,0.0,0.0
114.5,0.0,0.0,0.0,0.0,0.0,0.0
114.521,0.0,0.0,0.0,0.0,0.0,0.0
114.542,0.0,0.0,0.0,0.0,0.0,0.0
114.563,0.0,0.0,0.0,0.0,0.0,0.0
114.584,0.0,0.0,0.0,0.0,0.0,0.0
114.618,0.0,0.0,0.0,0.0,0.0,0.0
114.639,0.0,0.0,0.0,0.0,0.0,0.0
114.66,0.0,0.0,0.0,0.0,0.0,0.0
114.681,0.0,0.0,0.0,0.0,0.0,0.0
114.702,0.0,0.0,0.0,0.0,0.0,0.0
114.742,0.0,0.0,0.0,0.0,0.0,0.0
114.763,0.0,0.0,0.0,0.0,0.0,0.0
114.784,0.0,0.0,0.0,0.0,0.0,0.0
114.804,0.0,0.0,0.0,0.0,0.0,0.0
114.841,0.0,0.0,0.0,0.0,0.0,0.0
114.862,0.0,0.0,0.0,0.0,0.0,0.0
114.883,0.0,0.0,0.0,0.0,0.0,0.0
114.904,0.0,0.0,0.0,0.0,0.0,0.0
114.925,0.0,0.0,0.0,0.0,0.0,0.0
114.96,0.0,0.0,0.0,0.0,0.0,0.0
114.981,0.0,0.0,0.0,0.0,0.0,0.0
115.002,0.0,0.0,0.0,0.0,0.0,0.0
115.023,0.0,0.0,0.0,0.0,0.0,0.0
115.044,0.0,0.0,0.0,0.0,0.0,0.0
115.079,0.0,0.0,0.0,0.0,0.0,0.0
115.1,0.0,0.0,0.0,0.0,0.0,0.0
115.121,0.0,0.0,0.0,0.0,0.0,0.0
115.142,0.0,0.0,0.0,0.0,0.0,0.0
115.163,0.0,0.0,0.0,0.0,0.0,0.0
115.199,0.0,0.0,0.0,0.0,0.0,0.0
115.22,0.0,0.0,0.0,0.0,0.0,0.0
115.241,0.0,0.0,0.0,0.0,0.0,0.0
115.262,0.0,0.0,0.0,0.0,0.0,0.0
115.283,0.0,0.0,0.0,0.0,0.0,0.0
115.319,0.0,0.0,0.0,0.0,0.0,0.0
115.34,0.0,0.0,0.0,0.0,0.0,0.0
115.361,0.0,0.0,0.0,0.0,0.0,0.0
115.382,0.0,0.0,0.0,0.0,0.0,0.0
115.403,0.0,0.0,0.0,0.0,0.0,0.0
115.439,0.0,0.0,0.0,0.0,0.0,0.0
115.46,0.0,0.0,0.0,0.0,0.0,0.0
115.481,0.0,0.0,0.0,0.0,0.0,0.0
115.502,0.0,0.0,0.0,0.0,0.0,0.0
115.523,0.0,0.0,0.0,0.0,0.0,0.0
115.558,0.0,0.0,0.0,0.0,0.0,0.0
115.579,0.0,0.0,0.0,0.0,0.0,0.0
115.6,0.0,0.0,0.0,0.0,0.0,0.0
115.621,0.0,0.0,0.0,0.0,0.0,0.0
115.642,0.0,0.0,0.0,0.0,0.0,0.0
115.679,0.0,0.0,0.0,0.0,0.0,0.0
115.7,0.0,0.0,0.0,0.0,0.0,0.0
115.721,0.0,0.0,0.0,0.0,0.0,0.0
115.742,0.0,0.0,0.0,0.0,0.0,0.0
115.779,0.0,0.0,0.0,0.0,0.0,0.0
115.8,0.0,0.0,0.0,0.0,0.0,0.0
115.821,0.0,0.0,0.0,0.0,0.0,0.0
115.842,0.0,0.0,0.0,0.0,0.0,0.0
115.863,0.0,0.0,0.0,0.0,0.0,0.0
115.9,0.0,0.0,0.0,0.0,0.0,0.0
115.921,0.0,0.0,0.0,0.0,0.0,0.0
115.942,0.0,0.0,0.0,0.0,0.0,0.0
115.963,0.0,0.0,0.0,0.0,0.0,0.0
115.996,0.0,0.0,0.0,0.0,0.0,0.0
116.017,0.0,0.0,0.0,0.0,0.0,0.0
116.038,0.0,0.0,0.0,0.0,0.0,0.0
116.059,0.0,0.0,0.0,0.0,0.0,0.0
116.08,0.0,0.0,0.0,0.0,0.0,0.0
116.115,0.0,0.0,0.0,0.0,0.0,0.0
116.136,0.0,0.0,0.0,0.0,0.0,0.0
116.157,0.0,0.0,0.0,0.0,0.0,0.0
116.178,0.0,0.0,0.0,0.0,0.0,0.0
116.199,0.0,0.0,0.0,0.0,0.0,0.0
116.234,0.0,0.0,0.0,0.0,0.0,0.0
116.255,0.0,0.0,0.0,0.0,0.0,0.0
116.276,0.0,0.0,0.0,0.0,0.0,0.0
116.297,0.0,0.0,0.0,0.0,0.0,0.0
116.318,0.0,0.0,0.0,0.0,0.0,0.0
116.353,0.0,0.0,0.0,0.0,0.0,0.0
116.375,0.0,0.0,0.0,0.0,0.0,0.0
116.396,0.0,0.0,0.0,0.0,0.0,0.0
116.417,0.0,0.0,0.0,0.0,0.0,0.0
116.438,0.0,0.0,0.0,0.0,0.0,0.0
116.472,0.0,0.0,0.0,0.0,0.0,0.0
116.493,0.0,0.0,0.0,0.0,0.0,0.0
116.514,0.0,0.0,0.0,0.0,0.0,0.0
116.535,0.0,0.0,0.0,0.0,0.0,0.0
116.556,0.0,0.0,0.0,0.0,0.0,0.0
116.592,0.0,0.0,0.0,0.0,0.0,0.0
116.613,0.0,0.0,0.0,0.0,0.0,0.0
116.634,0.0,0.0,0.0,0.0,0.0,0.0
116.655,0.0,0.0,0.0,0.0,0.0,0.0
116.676,0.0,0.0,0.0,0.0,0.0,0.0
116.712,0.0,0.0,0.0,0.0,0.0,0.0
116.733,0.0,0.0,0.0,0.0,0.0,0.0
116.754,0.0,0.0,0.0,0.0,0.0,0.0
116.775,0.0,0.0,0.0,0.0,0.0,0.0
116.796,0.0,0.0,0.0,0.0,0.0,0.0
116.833,0.0,0.0,0.0,0.0,0.0,0.0
116.854,0.0,0.0,0.0,0.0,0.0,0.0
116.875,0.0,0.0,0.0,0.0,0.0,0.0
116.896,0.0,0.0,0.0,0.0,0.0,0.0
116.93,0.0,0.0,0.0,0.0,0.0,0.0
116.951,0.0,0.0,0.0,0.0,0.0,0.0
116.972,0.0,0.0,0.0,0.0,0.0,0.0
116.993,0.0,0.0,0.0,0.0,0.0,0.0
117.014,0.0,0.0,0.0,0.0,0.0,0.0
117.053,0.0,0.0,0.0,0.0,0.0,0.0
117.074,0.0,0.0,0.0,0.0,0.0,0.0
117.095,0.0,0.0,0.0,0.0,0.0,0.0
117.116,0.0,0.0,0.0,0.0,0.0,0.0
117.152,0.0,0.0,0.0,0.0,0.0,0.0
117.173,0.0,0.0,0.0,0.0,0.0,0.0
117.194,0.0,0.0,0.0,0.0,0.0,0.0
117.215,0.0,0.0,0.0,0.0,0.0,0.0
117.236,0.0,0.0,0.0,0.0,0.0,0.0
117.271,0.0,0.0,0.0,0.0,0.0,0.0
117.292,0.0,0.0,0.0,0.0,0.0,0.0
117.313,0.0,0.0,0.0,0.0,0.0,0.0
117.334,0.0,0.0,0.0,0.0,0.0,0.0
117.355,0.0,0.0,0.0,0.0,0.0,0.0
117.391,0.0,0.0,0.0,0.0,0.0,0.0
117.411,0.0,0.0,0.0,0.0,0.0,0.0
117.432,0.0,0.0,0.0,0.0,0.0,0.0
117.453,0.0,0.0,0.0,0.0,0.0,0.0
117.474,0.0,0.0,0.0,0.0,0.0,0.0
117.51,0.0,0.0,0.0,0.0,0.0,0.0
117.531,0.0,0.0,0.0,0.0,0.0,0.0
117.552,0.0,0.0,0.0,0.0,0.0,0.0
117.573,0.0,0.0,0.0,0.0,0.0,0.0
117.594,0.0,0.0,0.0,0.0,0.0,0.0
117.63,0.0,0.0,0.0,0.0,0.0,0.0
117.651,0.0,0.0,0.0,0.0,0.0,0.0
117.671,0.0,0.0,0.0,0.0,0.0,0.0
117.692,0.0,0.0,0.0,0.0,0.0,0.0
117.713,0.0,0.0,0.0,0.0,0.0,0.0
117.749,0.0,0.0,0.0,0.0,0.0,0.0
117.77,0.0,0.0,0.0,0.0,0.0,0.0
117.791,0.0,0.0,0.0,0.0,0.0,0.0
117.812,0.0,0.0,0.0,0.0,0.0,0.0
117.833,0.0,0.0,0.0,0.0,0.0,0.0
117.873,0.0,0.0,0.0,0.0,0.0,0.0
117.894,0.0,0.0,0.0,0.0,0.0,0.0
117.915,0.0,0.0,0.0,0.0,0.0,0.0
117.936,0.0,0.0,0.0,0.0,0.0,0.0
117.974,0.0,0.0,0.0,0.0,0.0,0.0
117.995,0.0,0.0,0.0,0.0,0.0,0.0
118.016,0.0,0.0,0.0,0.0,0.0,0.0
118.037,0.0,0.0,0.0,0.0,0.0,0.0
118.072,0.0,0.0,0.0,0.0,0.0,0.0
118.093,0.0,0.0,0.0,0.0,0.0,0.0
118.114,0.0,0.0,0.0,0.0,0.0,0.0
118.135,0.0,0.0,0.0,0.0,0.0,0.0
118.156,0.0,0.0,0.0,0.0,0.0,0.0
118.194,0.0,0.0,0.0,0.0,0.0,0.0
118.215,0.0,0.0,0.0,0.0,0.0,0.0
118.236,0.0,0.0,0.0,0.0,0.0,0.0
118.257,0.0,0.0,0.0,0.0,0.0,0.0
118.292,0.0,0.0,0.0,0.0,0.0,0.0
118.313,0.0,0.0,0.0,0.0,0.0,0.0
118.334,0.0,0.0,0.0,0.0,0.0,0.0
118.355,0.0,0.0,0.0,0.0,0.0,0.0
118.376,0.0,0.0,0.0,0.0,0.0,0.0
118.411,0.0,0.0,0.0,0.0,0.0,0.0
118.432,0.0,0.0,0.0,0.0,0.0,0.0
118.453,0.0,0.0,0.0,0.0,0.0,0.0
118.474,0.0,0.0,0.0,0.0,0.0,0.0
118.495,0.0,0.0,0.0,0.0,0.0,0.0
118.531,0.0,0.0,0.0,0.0,0.0,0.0
118.552,0.0,0.0,0.0,0.0,0.0,0.0
118.573,0.0,0.0,0.0,0.0,0.0,0.0
118.594,0.0,0.0,0.0,0.0,0.0,0.0
118.615,0.0,0.0,0.0,0.0,0.0,0.0
118.651,0.0,0.0,0.0,0.0,0.0,0.0
118.672,0.0,0.0,0.0,0.0,0.0,0.0
118.694,0.0,0.0,0.0,0.0,0.0,0.0
118.715,0.0,0.0,0.0,0.0,0.0,0.0
118.736,0.0,0.0,0.0,0.0,0.0,0.0
118.771,0.0,0.0,0.0,0.0,0.0,0.0
118.792,0.0,0.0,0.0,0.0,0.0,0.0
118.813,0.0,0.0,0.0,0.0,0.0,0.0
118.834,0.0,0.0,0.0,0.0,0.0,0.0
118.855,0.0,0.0,0.0,0.0,0.0,0.0
118.89,0.0,0.0,0.0,0.0,0.0,0.0
118.911,0.0,0.0,0.0,0.0,0.0,0.0
118.932,0.0,0.0,0.0,0.0,0.0,0.0
118.953,0.0,0.0,0.0,0.0,0.0,0.0
118.974,0.0,0.0,0.0,0.0,0.0,0.0
119.01,0.0,0.0,0.0,0.0,0.0,0.0
119.031,0.0,0.0,0.0,0.0,0.0,0.0
119.052,0.0,0.0,0.0,0.0,0.0,0.0
119.073,0.0,0.0,0.0,0.0,0.0,0.0
119.094,0.0,0.0,0.0,0.0,0.0,0.0
119.129,0.0,0.0,0.0,0.0,0.0,0.0
119.15,0.0,0.0,0.0,0.0,0.0,0.0
119.171,0.0,0.0,0.0,0.0,0.0,0.0
119.191,0.0,0.0,0.0,0.0,0.0,0.0
119.212,0.0,0.0,0.0,0.0,0.0,0.0
119.244,0.0,0.0,0.0,0.0,0.0,0.0
119.265,0.0,0.0,0.0,0.0,0.0,0.0
119.286,0.0,0.0,0.0,0.0,0.0,0.0
119.307,0.0,0.0,0.0,0.0,0.0,0.0
119.328,0.0,0.0,0.0,0.0,0.0,0.0
119.364,0.0,0.0,0.0,0.0,0.0,0.0
119.385,0.0,0.0,0.0,0.0,0.0,0.0
119.406,0.0,0.0,0.0,0.0,0.0,0.0
119.427,0.0,0.0,0.0,0.0,0.0,0.0
119.448,0.0,0.0,0.0,0.0,0.0,0.0
119.485,0.0,0.0,0.0,0.0,0.0,0.0
119.506,0.0,0.0,0.0,0.0,0.0,0.0
119.527,0.0,0.0,0.0,0.0,0.0,0.0
119.548,0.0,0.0,0.0,0.0,0.0,0.0
119.569,0.0,0.0,0.0,0.0,0.0,0.0
119.607,0.0,0.0,0.0,0.0,0.0,0.0
119.628,0.0,0.0,0.0,0.0,0.0,0.0
119.649,0.0,0.0,0.0,0.0,0.0,0.0
119.67,0.0,0.0,0.0,0.0,0.0,0.0
119.705,0.0,0.0,0.0,0.0,0.0,0.0
119.726,0.0,0.0,0.0,0.0,0.0,0.0
119.747,0.0,0.0,0.0,0.0,0.0,0.0
119.768,0.0,0.0,0.0,0.0,0.0,0.0
119.789,0.0,0.0,0.0,0.0,0.0,0.0
119.824,0.0,0.0,0.0,0.0,0.0,0.0
119.845,0.0,0.0,0.0,0.0,0.0,0.0
119.866,0.0,0.0,0.0,0.0,0.0,0.0
119.887,0.0,0.0,0.0,0.0,0.0,0.0
119.908,0.0,0.0,0.0,0.0,0.0,0.0
119.944,0.0,0.0,0.0,0.0,0.0,0.0
119.965,0.0,0.0,0.0,0.0,0.0,0.0
119.986,0.0,0.0,0.0,0.0,0.0,0.0
120.007,0.0,0.0,0.0,0.0,0.0,0.0
120.028,0.0,0.0,0.0,0.0,0.0,0.0
120.065,0.0,0.0,0.0,0.0,0.0,0.0
120.086,0.0,0.0,0.0,0.0,0.0,0.0
120.107,0.0,0.0,0.0,0.0,0.0,0.0
120.128,0.0,0.0,0.0,0.0,0.0,0.0
120.149,0.0,0.0,0.0,0.0,0.0,0.0
120.184,0.0,0.0,0.0,0.0,0.0,0.0
120.205,0.0,0.0,0.0,0.0,0.0,0.0
120.226,0.0,0.0,0.0,0.0,0.0,0.0
120.247,0.0,0.0,0.0,0.0,0.0,0.0
120.268,0.0,0.0,0.0,0.0,0.0,0.0
120.301,0.0,0.0,0.0,0.0,0.0,0.0
120.322,0.0,0.0,0.0,0.0,0.0,0.0
120.343,0.0,0.0,0.0,0.0,0.0,0.0
120.364,0.0,0.0,0.0,0.0,0.0,0.0
120.385,0.0,0.0,0.0,0.0,0.0,0.0
120.416,0.0,0.0,0.0,0.0,0.0,0.0
120.437,0.0,0.0,0.0,0.0,0.0,0.0
120.458,0.0,0.0,0.0,0.0,0.0,0.0
120.479,0.0,0.0,0.0,0.0,0.0,0.0
120.5,0.0,0.0,0.0,0.0,0.0,0.0
120.534,0.0,0.0,0.0,0.0,0.0,0.0
120.555,0.0,0.0,0.0,0.0,0.0,0.0
120.576,0.0,0.0,0.0,0.0,0.0,0.0
120.597,0.0,0.0,0.0,0.0,0.0,0.0
120.618,0.0,0.0,0.0,0.0,0.0,0.0
120.652,0.0,0.0,0.0,0.0,0.0,0.0
120.674,0.0,0.0,0.0,0.0,0.0,0.0
120.695,0.0,0.0,0.0,0.0,0.0,0.0
120.716,0.0,0.0,0.0,0.0,0.0,0.0
120.737,0.0,0.0,0.0,0.0,0.0,0.0
120.772,0.0,0.0,0.0,0.0,0.0,0.0
120.793,0.0,0.0,0.0,0.0,0.0,0.0
120.814,0.0,0.0,0.0,0.0,0.0,0.0
120.835,0.0,0.0,0.0,0.0,0.0,0.0
120.856,0.0,0.0,0.0,0.0,0.0,0.0
120.891,0.0,0.0,0.0,0.0,0.0,0.0
120.912,0.0,0.0,0.0,0.0,0.0,0.0
120.933,0.0,0.0,0.0,0.0,0.0,0.0
120.954,0.0,0.0,0.0,0.0,0.0,0.0
120.975,0.0,0.0,0.0,0.0,0.0,0.0
121.01,0.0,0.0,0.0,0.0,0.0,0.0
121.031,0.0,0.0,0.0,0.0,0.0,0.0
121.052,0.0,0.0,0.0,0.0,0.0,0.0
121.073,0.0,0.0,0.0,0.0,0.0,0.0
121.094,0.0,0.0,0.0,0.0,0.0,0.0
121.127,0.0,0.0,0.0,0.0,0.0,0.0
121.148,0.0,0.0,0.0,0.0,0.0,0.0
121.169,0.0,0.0,0.0,0.0,0.0,0.0
121.19,0.0,0.0,0.0,0.0,0.0,0.0
121.211,0.0,0.0,0.0,0.0,0.0,0.0
121.245,0.0,0.0,0.0,0.0,0.0,0.0
121.266,0.0,0.0,0.0,0.0,0.0,0.0
121.287,0.0,0.0,0.0,0.0,0.0,0.0
121.308,0.0,0.0,0.0,0.0,0.0,0.0
121.329,0.0,0.0,0.0,0.0,0.0,0.0
121.362,0.0,0.0,0.0,0.0,0.0,0.0
121.383,0.0,0.0,0.0,0.0,0.0,0.0
121.404,0.0,0.0,0.0,0.0,0.0,0.0
121.425,0.0,0.0,0.0,0.0,0.0,0.0
121.446,0.0,0.0,0.0,0.0,0.0,0.0
121.479,0.0,0.0,0.0,0.0,0.0,0.0
121.5,0.0,0.0,0.0,0.0,0.0,0.0
121.521,0.0,0.0,0.0,0.0,0.0,0.0
121.542,0.0,0.0,0.0,0.0,0.0,0.0
121.563,0.0,0.0,0.0,0.0,0.0,0.0
121.596,0.0,0.0,0.0,0.0,0.0,0.0
121.617,0.0,0.0,0.0,0.0,0.0,0.0
121.638,0.0,0.0,0.0,0.0,0.0,0.0
121.659,0.0,0.0,0.0,0.0,0.0,0.0
121.68,0.0,0.0,0.0,0.0,0.0,0.0
121.715,0.0,0.0,0.0,0.0,0.0,0.0
121.736,0.0,0.0,0.0,0.0,0.0,0.0
121.757,0.0,0.0,0.0,0.0,0.0,0.0
121.778,0.0,0.0,0.0,0.0,0.0,0.0
121.799,0.0,0.0,0.0,0.0,0.0,0.0
121.834,0.0,0.0,0.0,0.0,0.0,0.0
121.855,0.0,0.0,0.0,0.0,0.0,0.0
121.876,0.0,0.0,0.0,0.0,0.0,0.0
121.897,0.0,0.0,0.0,0.0,0.0,0.0
121.918,0.0,0.0,0.0,0.0,0.0,0.0
121.953,0.0,0.0,0.0,0.0,0.0,0.0
121.974,0.0,0.0,0.0,0.0,0.0,0.0
121.995,0.0,0.0,0.0,0.0,0.0,0.0
122.016,0.0,0.0,0.0,0.0,0.0,0.0
122.037,0.0,0.0,0.0,0.0,0.0,0.0
122.072,0.0,0.0,0.0,0.0,0.0,0.0
122.093,0.0,0.0,0.0,0.0,0.0,0.0
122.114,0.0,0.0,0.0,0.0,0.0,0.0
122.135,0.0,0.0,0.0,0.0,0.0,0.0
122.156,0.0,0.0,0.0,0.0,0.0,0.0
122.191,0.0,0.0,0.0,0.0,0.0,0.0
122.212,0.0,0.0,0.0,0.0,0.0,0.0
122.233,0.0,0.0,0.0,0.0,0.0,0.0
122.254,0.0,0.0,0.0,0.0,0.0,0.0
122.275,0.0,0.0,0.0,0.0,0.0,0.0
122.31,0.0,0.0,0.0,0.0,0.0,0.0
122.331,0.0,0.0,0.0,0.0,0.0,0.0
122.352,0.0,0.0,0.0,0.0,0.0,0.0
122.373,0.0,0.0,0.0,0.0,0.0,0.0
122.394,0.0,0.0,0.0,0.0,0.0,0.0
122.429,0.0,0.0,0.0,0.0,0.0,0.0
122.45,0.0,0.0,0.0,0.0,0.0,0.0
122.471,0.0,0.0,0.0,0.0,0.0,0.0
122.492,0.0,0.0,0.0,0.0,0.0,0.0
122.513,0.0,0.0,0.0,0.0,0.0,0.0
122.548,0.0,0.0,0.0,0.0,0.0,0.0
122.569,0.0,0.0,0.0,0.0,0.0,0.0
122.59,0.0,0.0,0.0,0.0,0.0,0.0
122.611,0.0,0.0,0.0,0.0,0.0,0.0
122.632,0.0,0.0,0.0,0.0,0.0,0.0
122.667,0.0,0.0,0.0,0.0,0.0,0.0
122.688,0.0,0.0,0.0,0.0,0.0,0.0
122.709,0.0,0.0,0.0,0.0,0.0,0.0
122.73,0.0,0.0,0.0,0.0,0.0,0.0
122.752,0.0,0.0,0.0,0.0,0.0,0.0
122.786,0.0,0.0,0.0,0.0,0.0,0.0
122.807,0.0,0.0,0.0,0.0,0.0,0.0
122.828,0.0,0.0,0.0,0.0,0.0,0.0
122.849,0.0,0.0,0.0,0.0,0.0,0.0
122.87,0.0,0.0,0.0,0.0,0.0,0.0
122.904,0.0,0.0,0.0,0.0,0.0,0.0
122.925,0.0,0.0,0.0,0.0,0.0,0.0
122.946,0.0,0.0,0.0,0.0,0.0,0.0
122.967,0.0,0.0,0.0,0.0,0.0,0.0
122.988,0.0,0.0,0.0,0.0,0.0,0.0
123.023,0.0,0.0,0.0,0.0,0.0,0.0
123.044,0.0,0.0,0.0,0.0,0.0,0.0
123.065,0.0,0.0,0.0,0.0,0.0,0.0
123.086,0.0,0.0,0.0,0.0,0.0,0.0
123.107,0.0,0.0,0.0,0.0,0.0,0.0
123.142,0.0,0.0,0.0,0.0,0.0,0.0
123.163,0.0,0.0,0.0,0.0,0.0,0.0
123.184,0.0,0.0,0.0,0.0,0.0,0.0
123.205,0.0,0.0,0.0,0.0,0.0,0.0
123.226,0.0,0.0,0.0,0.0,0.0,0.0
123.259,0.0,0.0,0.0,0.0,0.0,0.0
123.28,0.0,0.0,0.0,0.0,0.0,0.0
123.301,0.0,0.0,0.0,0.0,0.0,0.0
123.322,0.0,0.0,0.0,0.0,0.0,0.0
123.343,0.0,0.0,0.0,0.0,0.0,0.0
123.378,0.0,0.0,0.0,0.0,0.0,0.0
123.399,0.0,0.0,0.0,0.0,0.0,0.0
123.42,0.0,0.0,0.0,0.0,0.0,0.0
123.441,0.0,0.0,0.0,0.0,0.0,0.0
123.462,0.0,0.0,0.0,0.0,0.0,0.0
123.497,0.0,0.0,0.0,0.0,0.0,0.0
123.518,0.0,0.0,0.0,0.0,0.0,0.0
123.539,0.0,0.0,0.0,0.0,0.0,0.0
123.56,0.0,0.0,0.0,0.0,0.0,0.0
123.581,0.0,0.0,0.0,0.0,0.0,0.0
123.617,0.0,0.0,0.0,0.0,0.0,0.0
123.638,0.0,0.0,0.0,0.0,0.0,0.0
123.659,0.0,0.0,0.0,0.0,0.0,0.0
123.68,0.0,0.0,0.0,0.0,0.0,0.0
123.701,0.0,0.0,0.0,0.0,0.0,0.0
123.735,0.0,0.0,0.0,0.0,0.0,0.0
123.756,0.0,0.0,0.0,0.0,0.0,0.0
123.778,0.0,0.0,0.0,0.0,0.0,0.0
123.799,0.0,0.0,0.0,0.0,0.0,0.0
123.82,0.0,0.0,0.0,0.0,0.0,0.0
123.853,0.0,0.0,0.0,0.0,0.0,0.0
123.874,0.0,0.0,0.0,0.0,0.0,0.0
123.894,0.0,0.0,0.0,0.0,0.0,0.0
123.915,0.0,0.0,0.0,0.0,0.0,0.0
123.936,0.0,0.0,0.0,0.0,0.0,0.0
123.97,0.0,0.0,0.0,0.0,0.0,0.0
123.991,0.0,0.0,0.0,0.0,0.0,0.0
124.012,0.0,0.0,0.0,0.0,0.0,0.0
124.033,0.0,0.0,0.0,0.0,0.0,0.0
124.054,0.0,0.0,0.0,0.0,0.0,0.0
124.088,0.0,0.0,0.0,0.0,0.0,0.0
124.109,0.0,0.0,0.0,0.0,0.0,0.0
124.13,0.0,0.0,0.0,0.0,0.0,0.0
124.151,0.0,0.0,0.0,0.0,0.0,0.0
124.172,0.0,0.0,0.0,0.0,0.0,0.0
124.204,0.0,0.0,0.0,0.0,0.0,0.0
124.225,0.0,0.0,0.0,0.0,0.0,0.0
124.246,0.0,0.0,0.0,0.0,0.0,0.0
124.267,0.0,0.0,0.0,0.0,0.0,0.0
124.288,0.0,0.0,0.0,0.0,0.0,0.0
124.322,0.0,0.0,0.0,0.0,0.0,0.0
124.343,0.0,0.0,0.0,0.0,0.0,0.0
124.364,0.0,0.0,0.0,0.0,0.0,0.0
124.385,0.0,0.0,0.0,0.0,0.0,0.0
124.406,0.0,0.0,0.0,0.0,0.0,0.0
124.441,0.0,0.0,0.0,0.0,0.0,0.0
124.462,0.0,0.0,0.0,0.0,0.0,0.0
124.483,0.0,0.0,0.0,0.0,0.0,0.0
124.504,0.0,0.0,0.0,0.0,0.0,0.0
124.525,0.0,0.0,0.0,0.0,0.0,0.0
124.561,0.0,0.0,0.0,0.0,0.0,0.0
124.582,0.0,0.0,0.0,0.0,0.0,0.0
124.603,0.0,0.0,0.0,0.0,0.0,0.0
124.624,0.0,0.0,0.0,0.0,0.0,0.0
124.645,0.0,0.0,0.0,0.0,0.0,0.0
124.68,0.0,0.0,0.0,0.0,0.0,0.0
124.701,0.0,0.0,0.0,0.0,0.0,0.0
124.722,0.0,0.0,0.0,0.0,0.0,0.0
124.743,0.0,0.0,0.0,0.0,0.0,0.0
124.764,0.0,0.0,0.0,0.0,0.0,0.0
124.799,0.0,0.0,0.0,0.0,0.0,0.0
124.82,0.0,0.0,0.0,0.0,0.0,0.0
124.841,0.0,0.0,0.0,0.0,0.0,0.0
124.862,0.0,0.0,0.0,0.0,0.0,0.0
124.883,0.0,0.0,0.0,0.0,0.0,0.0
124.919,0.0,0.0,0.0,0.0,0.0,0.0
124.94,0.0,0.0,0.0,0.0,0.0,0.0
124.961,0.0,0.0,0.0,0.0,0.0,0.0
124.982,0.0,0.0,0.0,0.0,0.0,0.0
125.003,0.0,0.0,0.0,0.0,0.0,0.0
125.038,0.0,0.0,0.0,0.0,0.0,0.0
125.059,0.0,0.0,0.0,0.0,0.0,0.0
125.08,0.0,0.0,0.0,0.0,0.0,0.0
125.101,0.0,0.0,0.0,0.0,0.0,0.0
125.122,0.0,0.0,0.0,0.0,0.0,0.0
125.157,0.0,0.0,0.0,0.0,0.0,0.0
125.178,0.0,0.0,0.0,0.0,0.0,0.0
125.199,0.0,0.0,0.0,0.0,0.0,0.0
125.22,0.0,0.0,0.0,0.0,0.0,0.0
125.241,0.0,0.0,0.0,0.0,0.0,0.0
125.273,0.0,0.0,0.0,0.0,0.0,0.0
125.294,0.0,0.0,0.0,0.0,0.0,0.0
125.315,0.0,0.0,0.0,0.0,0.0,0.0
125.336,0.0,0.0,0.0,0.0,0.0,0.0
